,mean_fit_time,std_fit_time,mean_score_time,std_score_time,param_criterion,param_max_depth,param_max_leaf_nodes,param_min_samples_leaf,param_min_samples_split,params,split0_test_score,split1_test_score,split2_test_score,split3_test_score,split4_test_score,split5_test_score,split6_test_score,split7_test_score,split8_test_score,split9_test_score,mean_test_score,std_test_score,rank_test_score
0,0.03642327785491943,0.025690833536625827,0.00663142204284668,0.0019407663640147552,mse,2,5,5,2,"{'criterion': 'mse', 'max_depth': 2, 'max_leaf_nodes': 5, 'min_samples_leaf': 5, 'min_samples_split': 2}",0.6262626910987645,0.4389141428524326,0.5690652953679692,0.6011436854577513,0.6103213462948038,0.5721630648222538,0.6157950705465585,0.5739301359075379,0.5611464510293567,0.6551588602132686,0.5823900743590698,0.05555015465096432,121
1,0.021445155143737793,0.003328162438500691,0.004046988487243652,0.001112351829382932,mse,2,5,5,5,"{'criterion': 'mse', 'max_depth': 2, 'max_leaf_nodes': 5, 'min_samples_leaf': 5, 'min_samples_split': 5}",0.6262626910987645,0.4389141428524326,0.5690652953679692,0.6011436854577513,0.6103213462948038,0.5721630648222538,0.6157950705465585,0.5739301359075379,0.5611464510293567,0.6551588602132686,0.5823900743590698,0.05555015465096432,121
2,0.019719719886779785,0.002026115793496241,0.004365277290344238,0.0010120523660864856,mse,2,5,5,10,"{'criterion': 'mse', 'max_depth': 2, 'max_leaf_nodes': 5, 'min_samples_leaf': 5, 'min_samples_split': 10}",0.6262626910987645,0.4389141428524326,0.5690652953679692,0.6011436854577513,0.6103213462948038,0.5721630648222538,0.6157950705465585,0.5739301359075379,0.5611464510293567,0.6551588602132686,0.5823900743590698,0.05555015465096432,121
3,0.0202608585357666,0.0012814854723100211,0.004425573348999024,0.0011953024705968576,mse,2,5,10,2,"{'criterion': 'mse', 'max_depth': 2, 'max_leaf_nodes': 5, 'min_samples_leaf': 10, 'min_samples_split': 2}",0.6262626910987645,0.4389141428524326,0.5690652953679692,0.6011436854577513,0.6103213462948038,0.5721630648222538,0.6157950705465585,0.5739301359075379,0.5611464510293567,0.6551588602132686,0.5823900743590698,0.05555015465096432,121
4,0.01948862075805664,0.0016937940218294174,0.004457330703735352,0.0010349909748890364,mse,2,5,10,5,"{'criterion': 'mse', 'max_depth': 2, 'max_leaf_nodes': 5, 'min_samples_leaf': 10, 'min_samples_split': 5}",0.6262626910987645,0.4389141428524326,0.5690652953679692,0.6011436854577513,0.6103213462948038,0.5721630648222538,0.6157950705465585,0.5739301359075379,0.5611464510293567,0.6551588602132686,0.5823900743590698,0.05555015465096432,121
5,0.019503140449523927,0.0012170316173669368,0.0046454668045043945,0.0016185862135025793,mse,2,5,10,10,"{'criterion': 'mse', 'max_depth': 2, 'max_leaf_nodes': 5, 'min_samples_leaf': 10, 'min_samples_split': 10}",0.6262626910987645,0.4389141428524326,0.5690652953679692,0.6011436854577513,0.6103213462948038,0.5721630648222538,0.6157950705465585,0.5739301359075379,0.5611464510293567,0.6551588602132686,0.5823900743590698,0.05555015465096432,121
6,0.02019028663635254,0.0014350262676122096,0.004096508026123047,0.0007484844081927325,mse,2,5,20,2,"{'criterion': 'mse', 'max_depth': 2, 'max_leaf_nodes': 5, 'min_samples_leaf': 20, 'min_samples_split': 2}",0.6262626910987645,0.4389141428524326,0.5690652953679692,0.6011436854577513,0.6103213462948038,0.5721630648222538,0.6157950705465585,0.5739301359075379,0.5611464510293567,0.6551588602132686,0.5823900743590698,0.05555015465096432,121
7,0.019937896728515626,0.001530447008721509,0.004572629928588867,0.001194308886802311,mse,2,5,20,5,"{'criterion': 'mse', 'max_depth': 2, 'max_leaf_nodes': 5, 'min_samples_leaf': 20, 'min_samples_split': 5}",0.6262626910987645,0.4389141428524326,0.5690652953679692,0.6011436854577513,0.6103213462948038,0.5721630648222538,0.6157950705465585,0.5739301359075379,0.5611464510293567,0.6551588602132686,0.5823900743590698,0.05555015465096432,121
8,0.020284199714660646,0.0018277235092274326,0.003861737251281738,0.0006297421925255626,mse,2,5,20,10,"{'criterion': 'mse', 'max_depth': 2, 'max_leaf_nodes': 5, 'min_samples_leaf': 20, 'min_samples_split': 10}",0.6262626910987645,0.4389141428524326,0.5690652953679692,0.6011436854577513,0.6103213462948038,0.5721630648222538,0.6157950705465585,0.5739301359075379,0.5611464510293567,0.6551588602132686,0.5823900743590698,0.05555015465096432,121
9,0.020404124259948732,0.0013658054615452375,0.003793644905090332,0.0008683293946098739,mse,2,5,40,2,"{'criterion': 'mse', 'max_depth': 2, 'max_leaf_nodes': 5, 'min_samples_leaf': 40, 'min_samples_split': 2}",0.6262626910987645,0.4389141428524326,0.5690652953679692,0.6011436854577513,0.6103213462948038,0.5721630648222538,0.6157950705465585,0.5739301359075379,0.5611464510293567,0.6551588602132686,0.5823900743590698,0.05555015465096432,121
10,0.020046424865722657,0.0024152092348220184,0.004580569267272949,0.001513084351232631,mse,2,5,40,5,"{'criterion': 'mse', 'max_depth': 2, 'max_leaf_nodes': 5, 'min_samples_leaf': 40, 'min_samples_split': 5}",0.6262626910987645,0.4389141428524326,0.5690652953679692,0.6011436854577513,0.6103213462948038,0.5721630648222538,0.6157950705465585,0.5739301359075379,0.5611464510293567,0.6551588602132686,0.5823900743590698,0.05555015465096432,121
11,0.019801831245422362,0.00116160911463324,0.004715085029602051,0.0019010390174859955,mse,2,5,40,10,"{'criterion': 'mse', 'max_depth': 2, 'max_leaf_nodes': 5, 'min_samples_leaf': 40, 'min_samples_split': 10}",0.6262626910987645,0.4389141428524326,0.5690652953679692,0.6011436854577513,0.6103213462948038,0.5721630648222538,0.6157950705465585,0.5739301359075379,0.5611464510293567,0.6551588602132686,0.5823900743590698,0.05555015465096432,121
12,0.019605541229248048,0.0016598472721032547,0.004613447189331055,0.0017190647535533022,mse,2,20,5,2,"{'criterion': 'mse', 'max_depth': 2, 'max_leaf_nodes': 20, 'min_samples_leaf': 5, 'min_samples_split': 2}",0.6262626910987645,0.4389141428524326,0.5690652953679692,0.6011436854577513,0.6103213462948038,0.5721630648222538,0.6157950705465585,0.5739301359075379,0.5611464510293567,0.6551588602132686,0.5823900743590698,0.05555015465096432,121
13,0.019676470756530763,0.0009597664171171745,0.00443270206451416,0.0012620498144693786,mse,2,20,5,5,"{'criterion': 'mse', 'max_depth': 2, 'max_leaf_nodes': 20, 'min_samples_leaf': 5, 'min_samples_split': 5}",0.6262626910987645,0.4389141428524326,0.5690652953679692,0.6011436854577513,0.6103213462948038,0.5721630648222538,0.6157950705465585,0.5739301359075379,0.5611464510293567,0.6551588602132686,0.5823900743590698,0.05555015465096432,121
14,0.020455431938171387,0.0016986623650897372,0.0038486719131469727,0.000660984164974725,mse,2,20,5,10,"{'criterion': 'mse', 'max_depth': 2, 'max_leaf_nodes': 20, 'min_samples_leaf': 5, 'min_samples_split': 10}",0.6262626910987645,0.4389141428524326,0.5690652953679692,0.6011436854577513,0.6103213462948038,0.5721630648222538,0.6157950705465585,0.5739301359075379,0.5611464510293567,0.6551588602132686,0.5823900743590698,0.05555015465096432,121
15,0.020197081565856933,0.0021264711508634884,0.0036103248596191405,0.0006399731833868976,mse,2,20,10,2,"{'criterion': 'mse', 'max_depth': 2, 'max_leaf_nodes': 20, 'min_samples_leaf': 10, 'min_samples_split': 2}",0.6262626910987645,0.4389141428524326,0.5690652953679692,0.6011436854577513,0.6103213462948038,0.5721630648222538,0.6157950705465585,0.5739301359075379,0.5611464510293567,0.6551588602132686,0.5823900743590698,0.05555015465096432,121
16,0.020118355751037598,0.0019305794987066168,0.003909158706665039,0.0009502651661108498,mse,2,20,10,5,"{'criterion': 'mse', 'max_depth': 2, 'max_leaf_nodes': 20, 'min_samples_leaf': 10, 'min_samples_split': 5}",0.6262626910987645,0.4389141428524326,0.5690652953679692,0.6011436854577513,0.6103213462948038,0.5721630648222538,0.6157950705465585,0.5739301359075379,0.5611464510293567,0.6551588602132686,0.5823900743590698,0.05555015465096432,121
17,0.019908785820007324,0.0016567587671921572,0.0038420438766479494,0.0006638709148717894,mse,2,20,10,10,"{'criterion': 'mse', 'max_depth': 2, 'max_leaf_nodes': 20, 'min_samples_leaf': 10, 'min_samples_split': 10}",0.6262626910987645,0.4389141428524326,0.5690652953679692,0.6011436854577513,0.6103213462948038,0.5721630648222538,0.6157950705465585,0.5739301359075379,0.5611464510293567,0.6551588602132686,0.5823900743590698,0.05555015465096432,121
18,0.01946413516998291,0.0013306556267382089,0.0040779590606689455,0.0008441285587703709,mse,2,20,20,2,"{'criterion': 'mse', 'max_depth': 2, 'max_leaf_nodes': 20, 'min_samples_leaf': 20, 'min_samples_split': 2}",0.6262626910987645,0.4389141428524326,0.5690652953679692,0.6011436854577513,0.6103213462948038,0.5721630648222538,0.6157950705465585,0.5739301359075379,0.5611464510293567,0.6551588602132686,0.5823900743590698,0.05555015465096432,121
19,0.020795702934265137,0.00224555235616258,0.003811764717102051,0.0005304173961420887,mse,2,20,20,5,"{'criterion': 'mse', 'max_depth': 2, 'max_leaf_nodes': 20, 'min_samples_leaf': 20, 'min_samples_split': 5}",0.6262626910987645,0.4389141428524326,0.5690652953679692,0.6011436854577513,0.6103213462948038,0.5721630648222538,0.6157950705465585,0.5739301359075379,0.5611464510293567,0.6551588602132686,0.5823900743590698,0.05555015465096432,121
20,0.019521355628967285,0.0011760418478791636,0.004431223869323731,0.0009374852364928177,mse,2,20,20,10,"{'criterion': 'mse', 'max_depth': 2, 'max_leaf_nodes': 20, 'min_samples_leaf': 20, 'min_samples_split': 10}",0.6262626910987645,0.4389141428524326,0.5690652953679692,0.6011436854577513,0.6103213462948038,0.5721630648222538,0.6157950705465585,0.5739301359075379,0.5611464510293567,0.6551588602132686,0.5823900743590698,0.05555015465096432,121
21,0.020467710494995118,0.0019464607445193716,0.003686666488647461,0.0005967305930087145,mse,2,20,40,2,"{'criterion': 'mse', 'max_depth': 2, 'max_leaf_nodes': 20, 'min_samples_leaf': 40, 'min_samples_split': 2}",0.6262626910987645,0.4389141428524326,0.5690652953679692,0.6011436854577513,0.6103213462948038,0.5721630648222538,0.6157950705465585,0.5739301359075379,0.5611464510293567,0.6551588602132686,0.5823900743590698,0.05555015465096432,121
22,0.019955825805664063,0.0023090965962887728,0.0040945768356323246,0.0011921626854971587,mse,2,20,40,5,"{'criterion': 'mse', 'max_depth': 2, 'max_leaf_nodes': 20, 'min_samples_leaf': 40, 'min_samples_split': 5}",0.6262626910987645,0.4389141428524326,0.5690652953679692,0.6011436854577513,0.6103213462948038,0.5721630648222538,0.6157950705465585,0.5739301359075379,0.5611464510293567,0.6551588602132686,0.5823900743590698,0.05555015465096432,121
23,0.020599794387817384,0.00177568013976643,0.004414892196655274,0.0013469242393775393,mse,2,20,40,10,"{'criterion': 'mse', 'max_depth': 2, 'max_leaf_nodes': 20, 'min_samples_leaf': 40, 'min_samples_split': 10}",0.6262626910987645,0.4389141428524326,0.5690652953679692,0.6011436854577513,0.6103213462948038,0.5721630648222538,0.6157950705465585,0.5739301359075379,0.5611464510293567,0.6551588602132686,0.5823900743590698,0.05555015465096432,121
24,0.021304988861083986,0.0017837843607081249,0.005005884170532227,0.0017517503177355244,mse,2,100,5,2,"{'criterion': 'mse', 'max_depth': 2, 'max_leaf_nodes': 100, 'min_samples_leaf': 5, 'min_samples_split': 2}",0.6262626910987645,0.4389141428524326,0.5690652953679692,0.6011436854577513,0.6103213462948038,0.5721630648222538,0.6157950705465585,0.5739301359075379,0.5611464510293567,0.6551588602132686,0.5823900743590698,0.05555015465096432,121
25,0.019461798667907714,0.0015079221821617135,0.004317474365234375,0.0012163225789627136,mse,2,100,5,5,"{'criterion': 'mse', 'max_depth': 2, 'max_leaf_nodes': 100, 'min_samples_leaf': 5, 'min_samples_split': 5}",0.6262626910987645,0.4389141428524326,0.5690652953679692,0.6011436854577513,0.6103213462948038,0.5721630648222538,0.6157950705465585,0.5739301359075379,0.5611464510293567,0.6551588602132686,0.5823900743590698,0.05555015465096432,121
26,0.019736313819885255,0.0015179351599595439,0.004786300659179688,0.0019182728311683483,mse,2,100,5,10,"{'criterion': 'mse', 'max_depth': 2, 'max_leaf_nodes': 100, 'min_samples_leaf': 5, 'min_samples_split': 10}",0.6262626910987645,0.4389141428524326,0.5690652953679692,0.6011436854577513,0.6103213462948038,0.5721630648222538,0.6157950705465585,0.5739301359075379,0.5611464510293567,0.6551588602132686,0.5823900743590698,0.05555015465096432,121
27,0.019576454162597658,0.0014083554712624748,0.004553365707397461,0.0014779001595266257,mse,2,100,10,2,"{'criterion': 'mse', 'max_depth': 2, 'max_leaf_nodes': 100, 'min_samples_leaf': 10, 'min_samples_split': 2}",0.6262626910987645,0.4389141428524326,0.5690652953679692,0.6011436854577513,0.6103213462948038,0.5721630648222538,0.6157950705465585,0.5739301359075379,0.5611464510293567,0.6551588602132686,0.5823900743590698,0.05555015465096432,121
28,0.019928359985351564,0.0013599606214074497,0.004061651229858398,0.0008074811727676956,mse,2,100,10,5,"{'criterion': 'mse', 'max_depth': 2, 'max_leaf_nodes': 100, 'min_samples_leaf': 10, 'min_samples_split': 5}",0.6262626910987645,0.4389141428524326,0.5690652953679692,0.6011436854577513,0.6103213462948038,0.5721630648222538,0.6157950705465585,0.5739301359075379,0.5611464510293567,0.6551588602132686,0.5823900743590698,0.05555015465096432,121
29,0.02060539722442627,0.0021522657615845823,0.003895211219787598,0.0007593830115782882,mse,2,100,10,10,"{'criterion': 'mse', 'max_depth': 2, 'max_leaf_nodes': 100, 'min_samples_leaf': 10, 'min_samples_split': 10}",0.6262626910987645,0.4389141428524326,0.5690652953679692,0.6011436854577513,0.6103213462948038,0.5721630648222538,0.6157950705465585,0.5739301359075379,0.5611464510293567,0.6551588602132686,0.5823900743590698,0.05555015465096432,121
30,0.020833492279052734,0.0023315955532626385,0.004021477699279785,0.0009632125588325125,mse,2,100,20,2,"{'criterion': 'mse', 'max_depth': 2, 'max_leaf_nodes': 100, 'min_samples_leaf': 20, 'min_samples_split': 2}",0.6262626910987645,0.4389141428524326,0.5690652953679692,0.6011436854577513,0.6103213462948038,0.5721630648222538,0.6157950705465585,0.5739301359075379,0.5611464510293567,0.6551588602132686,0.5823900743590698,0.05555015465096432,121
31,0.02039227485656738,0.00162237581781097,0.003908896446228027,0.0007533990465298446,mse,2,100,20,5,"{'criterion': 'mse', 'max_depth': 2, 'max_leaf_nodes': 100, 'min_samples_leaf': 20, 'min_samples_split': 5}",0.6262626910987645,0.4389141428524326,0.5690652953679692,0.6011436854577513,0.6103213462948038,0.5721630648222538,0.6157950705465585,0.5739301359075379,0.5611464510293567,0.6551588602132686,0.5823900743590698,0.05555015465096432,121
32,0.01967036724090576,0.0017593616062448743,0.0038372278213500977,0.0009264355578461018,mse,2,100,20,10,"{'criterion': 'mse', 'max_depth': 2, 'max_leaf_nodes': 100, 'min_samples_leaf': 20, 'min_samples_split': 10}",0.6262626910987645,0.4389141428524326,0.5690652953679692,0.6011436854577513,0.6103213462948038,0.5721630648222538,0.6157950705465585,0.5739301359075379,0.5611464510293567,0.6551588602132686,0.5823900743590698,0.05555015465096432,121
33,0.019852328300476074,0.0018696984719844129,0.0039022207260131837,0.0010749757736547019,mse,2,100,40,2,"{'criterion': 'mse', 'max_depth': 2, 'max_leaf_nodes': 100, 'min_samples_leaf': 40, 'min_samples_split': 2}",0.6262626910987645,0.4389141428524326,0.5690652953679692,0.6011436854577513,0.6103213462948038,0.5721630648222538,0.6157950705465585,0.5739301359075379,0.5611464510293567,0.6551588602132686,0.5823900743590698,0.05555015465096432,121
34,0.021827387809753417,0.0037450370727483253,0.005240082740783691,0.002759759999514095,mse,2,100,40,5,"{'criterion': 'mse', 'max_depth': 2, 'max_leaf_nodes': 100, 'min_samples_leaf': 40, 'min_samples_split': 5}",0.6262626910987645,0.4389141428524326,0.5690652953679692,0.6011436854577513,0.6103213462948038,0.5721630648222538,0.6157950705465585,0.5739301359075379,0.5611464510293567,0.6551588602132686,0.5823900743590698,0.05555015465096432,121
35,0.0228729248046875,0.006287141994340714,0.00705265998840332,0.0033806068276802724,mse,2,100,40,10,"{'criterion': 'mse', 'max_depth': 2, 'max_leaf_nodes': 100, 'min_samples_leaf': 40, 'min_samples_split': 10}",0.6262626910987645,0.4389141428524326,0.5690652953679692,0.6011436854577513,0.6103213462948038,0.5721630648222538,0.6157950705465585,0.5739301359075379,0.5611464510293567,0.6551588602132686,0.5823900743590698,0.05555015465096432,121
36,0.02681245803833008,0.00100137697610647,0.0038262605667114258,0.0008517409771934154,mse,6,5,5,2,"{'criterion': 'mse', 'max_depth': 6, 'max_leaf_nodes': 5, 'min_samples_leaf': 5, 'min_samples_split': 2}",0.6207483941579486,0.427310536511293,0.7020650685702927,0.6542238881122748,0.7026336090366236,0.5633178463903854,0.6892164318763508,0.6207242518766751,0.6085912163770869,0.7321072639793096,0.6320938506888241,0.08432315520004632,115
37,0.02703542709350586,0.0016835973899666276,0.004372024536132812,0.000887032920444842,mse,6,5,5,5,"{'criterion': 'mse', 'max_depth': 6, 'max_leaf_nodes': 5, 'min_samples_leaf': 5, 'min_samples_split': 5}",0.6207483941579486,0.427310536511293,0.7020650685702927,0.6542238881122748,0.7026336090366236,0.5633178463903854,0.6892164318763508,0.6207242518766751,0.6085912163770869,0.7321072639793096,0.6320938506888241,0.08432315520004632,115
38,0.02784125804901123,0.00178925245623463,0.0033452749252319337,0.0002140168316186823,mse,6,5,5,10,"{'criterion': 'mse', 'max_depth': 6, 'max_leaf_nodes': 5, 'min_samples_leaf': 5, 'min_samples_split': 10}",0.6207483941579486,0.427310536511293,0.7020650685702927,0.6542238881122748,0.7026336090366236,0.5633178463903854,0.6892164318763508,0.6207242518766751,0.6085912163770869,0.7321072639793096,0.6320938506888241,0.08432315520004632,115
39,0.02590477466583252,0.0017650433853235164,0.005171132087707519,0.0008472489742267634,mse,6,5,10,2,"{'criterion': 'mse', 'max_depth': 6, 'max_leaf_nodes': 5, 'min_samples_leaf': 10, 'min_samples_split': 2}",0.6207483941579486,0.427310536511293,0.7020650685702927,0.6542238881122748,0.7026336090366236,0.6543656408167131,0.6892164318763508,0.6207242518766751,0.6085912163770869,0.7321072639793096,0.6411986301314568,0.08126553316761233,103
40,0.026488423347473145,0.0012117170938961018,0.0038504600524902344,0.0008338866272859381,mse,6,5,10,5,"{'criterion': 'mse', 'max_depth': 6, 'max_leaf_nodes': 5, 'min_samples_leaf': 10, 'min_samples_split': 5}",0.6207483941579486,0.427310536511293,0.7020650685702927,0.6542238881122748,0.7026336090366236,0.6543656408167131,0.6892164318763508,0.6207242518766751,0.6085912163770869,0.7321072639793096,0.6411986301314568,0.08126553316761233,103
41,0.02701268196105957,0.0018549957935288148,0.0045501708984375,0.0009862794171942523,mse,6,5,10,10,"{'criterion': 'mse', 'max_depth': 6, 'max_leaf_nodes': 5, 'min_samples_leaf': 10, 'min_samples_split': 10}",0.6207483941579486,0.427310536511293,0.7020650685702927,0.6542238881122748,0.7026336090366236,0.6543656408167131,0.6892164318763508,0.6207242518766751,0.6085912163770869,0.7321072639793096,0.6411986301314568,0.08126553316761233,103
42,0.027268123626708985,0.001292521818284524,0.003640151023864746,0.0009984646301088545,mse,6,5,20,2,"{'criterion': 'mse', 'max_depth': 6, 'max_leaf_nodes': 5, 'min_samples_leaf': 20, 'min_samples_split': 2}",0.6062940831992178,0.427310536511293,0.7020650685702927,0.6233120163932591,0.7026336090366236,0.6543656408167131,0.6892164318763508,0.6207242518766751,0.6085912163770869,0.7321072639793096,0.6366620118636821,0.08172236450801779,109
43,0.02675786018371582,0.001823129643678998,0.0040482282638549805,0.0009133548419622491,mse,6,5,20,5,"{'criterion': 'mse', 'max_depth': 6, 'max_leaf_nodes': 5, 'min_samples_leaf': 20, 'min_samples_split': 5}",0.6062940831992178,0.427310536511293,0.7020650685702927,0.6233120163932591,0.7026336090366236,0.6543656408167131,0.6892164318763508,0.6207242518766751,0.6085912163770869,0.7321072639793096,0.6366620118636821,0.08172236450801779,109
44,0.026093196868896485,0.0009849286821570092,0.004628419876098633,0.0011704990498107664,mse,6,5,20,10,"{'criterion': 'mse', 'max_depth': 6, 'max_leaf_nodes': 5, 'min_samples_leaf': 20, 'min_samples_split': 10}",0.6062940831992178,0.427310536511293,0.7020650685702927,0.6233120163932591,0.7026336090366236,0.6543656408167131,0.6892164318763508,0.6207242518766751,0.6085912163770869,0.7321072639793096,0.6366620118636821,0.08172236450801779,109
45,0.027111339569091796,0.0017686344459986005,0.0052576780319213865,0.000792338462644329,mse,6,5,40,2,"{'criterion': 'mse', 'max_depth': 6, 'max_leaf_nodes': 5, 'min_samples_leaf': 40, 'min_samples_split': 2}",0.6945917145941818,0.5194375901975163,0.612545523142592,0.7012051697408482,0.6816638167344651,0.6543656408167131,0.6892164318763508,0.6449072381113505,0.6085912163770869,0.6956896537114614,0.6502213995302566,0.05426512103673559,97
46,0.027202415466308593,0.0010785761537405465,0.0040760993957519535,0.000675631520170143,mse,6,5,40,5,"{'criterion': 'mse', 'max_depth': 6, 'max_leaf_nodes': 5, 'min_samples_leaf': 40, 'min_samples_split': 5}",0.6945917145941818,0.5194375901975163,0.612545523142592,0.7012051697408482,0.6816638167344651,0.6543656408167131,0.6892164318763508,0.6449072381113505,0.6085912163770869,0.6956896537114614,0.6502213995302566,0.05426512103673559,97
47,0.026529312133789062,0.0016057240350372272,0.004573273658752442,0.0013844129628783298,mse,6,5,40,10,"{'criterion': 'mse', 'max_depth': 6, 'max_leaf_nodes': 5, 'min_samples_leaf': 40, 'min_samples_split': 10}",0.6945917145941818,0.5194375901975163,0.612545523142592,0.7012051697408482,0.6816638167344651,0.6543656408167131,0.6892164318763508,0.6449072381113505,0.6085912163770869,0.6956896537114614,0.6502213995302566,0.05426512103673559,97
48,0.03816399574279785,0.0023503515080440006,0.003904414176940918,0.0008349556097323947,mse,6,20,5,2,"{'criterion': 'mse', 'max_depth': 6, 'max_leaf_nodes': 20, 'min_samples_leaf': 5, 'min_samples_split': 2}",0.9268318159538549,0.795221077086157,0.9542974964098418,0.9329773609653812,0.9153225401541146,0.9366531857678121,0.8118397451249924,0.9247646197700542,0.874847512933494,0.9276629175167017,0.9000418271682404,0.05205373550353218,37
49,0.037775945663452146,0.0024006522434156644,0.0041466236114501955,0.001383558704130149,mse,6,20,5,5,"{'criterion': 'mse', 'max_depth': 6, 'max_leaf_nodes': 20, 'min_samples_leaf': 5, 'min_samples_split': 5}",0.9268318159538549,0.795221077086157,0.9542974964098418,0.9329773609653812,0.9153225401541146,0.9366531857678121,0.8118397451249924,0.9247646197700542,0.874847512933494,0.9276629175167017,0.9000418271682404,0.05205373550353218,37
50,0.038533782958984374,0.004112731327097891,0.0038156032562255858,0.0009054342293223803,mse,6,20,5,10,"{'criterion': 'mse', 'max_depth': 6, 'max_leaf_nodes': 20, 'min_samples_leaf': 5, 'min_samples_split': 10}",0.9268318159538549,0.795221077086157,0.9542974964098418,0.9329773609653812,0.9153225401541146,0.9366531857678121,0.8118397451249924,0.9247646197700542,0.874847512933494,0.9276629175167017,0.9000418271682404,0.05205373550353218,37
51,0.03855512142181396,0.0034463706430047925,0.003946781158447266,0.0010221181782990433,mse,6,20,10,2,"{'criterion': 'mse', 'max_depth': 6, 'max_leaf_nodes': 20, 'min_samples_leaf': 10, 'min_samples_split': 2}",0.903624425151001,0.7901847250194661,0.9259458337298101,0.9036039200423666,0.923073291471148,0.9508421055877622,0.9210533376237028,0.9211719339011297,0.8813628936837139,0.9440947600414658,0.9064957226251564,0.043170871389378536,25
52,0.03886446952819824,0.002566846921383035,0.0037385702133178713,0.0006635863503395839,mse,6,20,10,5,"{'criterion': 'mse', 'max_depth': 6, 'max_leaf_nodes': 20, 'min_samples_leaf': 10, 'min_samples_split': 5}",0.903624425151001,0.7901847250194661,0.9259458337298101,0.9036039200423666,0.923073291471148,0.9508421055877622,0.9210533376237028,0.9211719339011297,0.8813628936837139,0.9440947600414658,0.9064957226251564,0.043170871389378536,25
53,0.03814630508422852,0.001979825695354527,0.004111742973327637,0.0014165356982413612,mse,6,20,10,10,"{'criterion': 'mse', 'max_depth': 6, 'max_leaf_nodes': 20, 'min_samples_leaf': 10, 'min_samples_split': 10}",0.903624425151001,0.7901847250194661,0.9259458337298101,0.9036039200423666,0.923073291471148,0.9508421055877622,0.9210533376237028,0.9211719339011297,0.8813628936837139,0.9440947600414658,0.9064957226251564,0.043170871389378536,25
54,0.04645540714263916,0.007202821369060368,0.0053146123886108395,0.0015639667908698084,mse,6,20,20,2,"{'criterion': 'mse', 'max_depth': 6, 'max_leaf_nodes': 20, 'min_samples_leaf': 20, 'min_samples_split': 2}",0.893617916867926,0.7508307494660824,0.9578465281778027,0.8583640610659551,0.9195031884937215,0.920229797360461,0.9361936041877659,0.9098909473500874,0.8039967578256892,0.9649903356813618,0.8915463886476852,0.06503470319786632,49
55,0.04098641872406006,0.006260443120608502,0.004178524017333984,0.0008718532053816145,mse,6,20,20,5,"{'criterion': 'mse', 'max_depth': 6, 'max_leaf_nodes': 20, 'min_samples_leaf': 20, 'min_samples_split': 5}",0.893617916867926,0.7508307494660824,0.9578465281778027,0.8583640610659551,0.9195031884937215,0.920229797360461,0.9361936041877659,0.9098909473500874,0.8039967578256892,0.9649903356813618,0.8915463886476852,0.06503470319786632,49
56,0.03935286998748779,0.0028958544989575157,0.003933167457580567,0.0007569217694050665,mse,6,20,20,10,"{'criterion': 'mse', 'max_depth': 6, 'max_leaf_nodes': 20, 'min_samples_leaf': 20, 'min_samples_split': 10}",0.893617916867926,0.7508307494660824,0.9578465281778027,0.8583640610659551,0.9195031884937215,0.920229797360461,0.9361936041877659,0.9098909473500874,0.8039967578256892,0.9649903356813618,0.8915463886476852,0.06503470319786632,49
57,0.03960938453674316,0.0023666153201445934,0.003788137435913086,0.0008730712916987984,mse,6,20,40,2,"{'criterion': 'mse', 'max_depth': 6, 'max_leaf_nodes': 20, 'min_samples_leaf': 40, 'min_samples_split': 2}",0.8993795158588289,0.7269061863626368,0.8680158332602786,0.846586789149205,0.8442179323440636,0.855166892828466,0.8709565937301315,0.8228240042685335,0.7268949565644465,0.9245858455752684,0.8385534549941859,0.062106483240485885,79
58,0.03979952335357666,0.003360254838693859,0.003692293167114258,0.0005784548416661811,mse,6,20,40,5,"{'criterion': 'mse', 'max_depth': 6, 'max_leaf_nodes': 20, 'min_samples_leaf': 40, 'min_samples_split': 5}",0.8993795158588289,0.7269061863626368,0.8680158332602786,0.846586789149205,0.8442179323440636,0.855166892828466,0.8709565937301315,0.8228240042685335,0.7268949565644465,0.9245858455752684,0.8385534549941859,0.062106483240485885,79
59,0.039007258415222165,0.002055050831215271,0.004010128974914551,0.001165507979293335,mse,6,20,40,10,"{'criterion': 'mse', 'max_depth': 6, 'max_leaf_nodes': 20, 'min_samples_leaf': 40, 'min_samples_split': 10}",0.8993795158588289,0.7269061863626368,0.8680158332602786,0.846586789149205,0.8442179323440636,0.855166892828466,0.8709565937301315,0.8228240042685335,0.7268949565644465,0.9245858455752684,0.8385534549941859,0.062106483240485885,79
60,0.044257616996765135,0.0028663289567291295,0.004117727279663086,0.0010597438562153024,mse,6,100,5,2,"{'criterion': 'mse', 'max_depth': 6, 'max_leaf_nodes': 100, 'min_samples_leaf': 5, 'min_samples_split': 2}",0.9595403192709544,0.8471727978775332,0.9870751092133079,0.9611213392734687,0.9603453623985327,0.9574168617939424,0.8458210978212257,0.9772827544460647,0.8989961165088469,0.9533712773049442,0.9348143035908821,0.04922299838231512,13
61,0.04477059841156006,0.0012068593479854556,0.00512542724609375,0.0015063804362139938,mse,6,100,5,5,"{'criterion': 'mse', 'max_depth': 6, 'max_leaf_nodes': 100, 'min_samples_leaf': 5, 'min_samples_split': 5}",0.9595403192709544,0.8471727978775332,0.9870751092133079,0.9611213392734687,0.9603453623985327,0.9574168617939424,0.8458210978212257,0.9772827544460647,0.8989961165088469,0.9533712773049442,0.9348143035908821,0.04922299838231512,13
62,0.0439490556716919,0.0011359964494930958,0.004592800140380859,0.0015037962292329752,mse,6,100,5,10,"{'criterion': 'mse', 'max_depth': 6, 'max_leaf_nodes': 100, 'min_samples_leaf': 5, 'min_samples_split': 10}",0.9595403192709544,0.8471727978775332,0.9870751092133079,0.9611213392734687,0.9603453623985327,0.9574168617939424,0.8458210978212257,0.9772827544460647,0.8989961165088469,0.9533712773049442,0.9348143035908821,0.04922299838231512,13
63,0.04549653530120849,0.002730474310251419,0.0033672332763671877,0.00022718040057671964,mse,6,100,10,2,"{'criterion': 'mse', 'max_depth': 6, 'max_leaf_nodes': 100, 'min_samples_leaf': 10, 'min_samples_split': 2}",0.9257176127170975,0.811612609199816,0.9516398352249461,0.9254553829924785,0.9619832721977328,0.9672781719714869,0.9429724725045509,0.9639574013619682,0.8958288428392759,0.9641902062579397,0.9310635807267292,0.0453675624822559,19
64,0.04444863796234131,0.0031204395878284066,0.0040269136428833004,0.001385318849028216,mse,6,100,10,5,"{'criterion': 'mse', 'max_depth': 6, 'max_leaf_nodes': 100, 'min_samples_leaf': 10, 'min_samples_split': 5}",0.9257176127170975,0.811612609199816,0.9516398352249461,0.9254553829924785,0.9619832721977328,0.9672781719714869,0.9429724725045509,0.9639574013619682,0.8958288428392759,0.9641902062579397,0.9310635807267292,0.0453675624822559,19
65,0.04568898677825928,0.0044161275266483245,0.0036172866821289062,0.00038785387494461135,mse,6,100,10,10,"{'criterion': 'mse', 'max_depth': 6, 'max_leaf_nodes': 100, 'min_samples_leaf': 10, 'min_samples_split': 10}",0.9257176127170975,0.811612609199816,0.9516398352249461,0.9254553829924785,0.9619832721977328,0.9672781719714869,0.9429724725045509,0.9639574013619682,0.8958288428392759,0.9641902062579397,0.9310635807267292,0.0453675624822559,19
66,0.042893409729003906,0.0030361327547669863,0.0038227081298828126,0.001176380014992127,mse,6,100,20,2,"{'criterion': 'mse', 'max_depth': 6, 'max_leaf_nodes': 100, 'min_samples_leaf': 20, 'min_samples_split': 2}",0.9056307642327779,0.7613900832134195,0.9624810762664959,0.8720941541855586,0.9330468573374536,0.9304364636479049,0.9441915929271679,0.9403386579624001,0.8117578979708924,0.9725758334401218,0.9033943381184191,0.06516465132862251,34
67,0.044635653495788574,0.0026033141021683543,0.003810882568359375,0.0009674073511305588,mse,6,100,20,5,"{'criterion': 'mse', 'max_depth': 6, 'max_leaf_nodes': 100, 'min_samples_leaf': 20, 'min_samples_split': 5}",0.9056307642327779,0.7613900832134195,0.9624810762664959,0.8720941541855586,0.9330468573374536,0.9304364636479049,0.9441915929271679,0.9403386579624001,0.8117578979708924,0.9725758334401218,0.9033943381184191,0.06516465132862251,34
68,0.04381752014160156,0.0030675684305094385,0.003914308547973633,0.0009409467332853206,mse,6,100,20,10,"{'criterion': 'mse', 'max_depth': 6, 'max_leaf_nodes': 100, 'min_samples_leaf': 20, 'min_samples_split': 10}",0.9056307642327779,0.7613900832134195,0.9624810762664959,0.8720941541855586,0.9330468573374536,0.9304364636479049,0.9441915929271679,0.9403386579624001,0.8117578979708924,0.9725758334401218,0.9033943381184191,0.06516465132862251,34
69,0.04329104423522949,0.002654521527220616,0.0041534662246704105,0.0009203758133857932,mse,6,100,40,2,"{'criterion': 'mse', 'max_depth': 6, 'max_leaf_nodes': 100, 'min_samples_leaf': 40, 'min_samples_split': 2}",0.9023384246347794,0.7299391850738823,0.8714755079943393,0.8490583714707722,0.8466917294906828,0.8582741729729078,0.8735789032350572,0.8259444962884802,0.72846666876991,0.9276864340841426,0.8413453894014953,0.0623590750453233,76
70,0.04253408908843994,0.0028186340664256107,0.003938436508178711,0.0008986306330633503,mse,6,100,40,5,"{'criterion': 'mse', 'max_depth': 6, 'max_leaf_nodes': 100, 'min_samples_leaf': 40, 'min_samples_split': 5}",0.9023384246347794,0.7299391850738823,0.8714755079943393,0.8490583714707722,0.8466917294906828,0.8582741729729078,0.8735789032350572,0.8259444962884802,0.72846666876991,0.9276864340841426,0.8413453894014953,0.0623590750453233,76
71,0.04237396717071533,0.002644845822385466,0.00418851375579834,0.001158227212052952,mse,6,100,40,10,"{'criterion': 'mse', 'max_depth': 6, 'max_leaf_nodes': 100, 'min_samples_leaf': 40, 'min_samples_split': 10}",0.9023384246347794,0.7299391850738823,0.8714755079943393,0.8490583714707722,0.8466917294906828,0.8582741729729078,0.8735789032350572,0.8259444962884802,0.72846666876991,0.9276864340841426,0.8413453894014953,0.0623590750453233,76
72,0.02573118209838867,0.00224192021734412,0.005356192588806152,0.0013538579238772362,mse,10,5,5,2,"{'criterion': 'mse', 'max_depth': 10, 'max_leaf_nodes': 5, 'min_samples_leaf': 5, 'min_samples_split': 2}",0.6207483941579486,0.427310536511293,0.7020650685702927,0.6542238881122748,0.7026336090366236,0.5633178463903854,0.6892164318763508,0.6207242518766751,0.6085912163770869,0.7321072639793096,0.6320938506888241,0.08432315520004632,115
73,0.02669949531555176,0.0018363716364813694,0.003920221328735351,0.0006431821079573701,mse,10,5,5,5,"{'criterion': 'mse', 'max_depth': 10, 'max_leaf_nodes': 5, 'min_samples_leaf': 5, 'min_samples_split': 5}",0.6207483941579486,0.427310536511293,0.7020650685702927,0.6542238881122748,0.7026336090366236,0.5633178463903854,0.6892164318763508,0.6207242518766751,0.6085912163770869,0.7321072639793096,0.6320938506888241,0.08432315520004632,115
74,0.026077628135681152,0.0023740408260426882,0.00497438907623291,0.0011559265329592508,mse,10,5,5,10,"{'criterion': 'mse', 'max_depth': 10, 'max_leaf_nodes': 5, 'min_samples_leaf': 5, 'min_samples_split': 10}",0.6207483941579486,0.427310536511293,0.7020650685702927,0.6542238881122748,0.7026336090366236,0.5633178463903854,0.6892164318763508,0.6207242518766751,0.6085912163770869,0.7321072639793096,0.6320938506888241,0.08432315520004632,115
75,0.026183009147644043,0.0009644807061156056,0.0037878751754760742,0.0008336958490731544,mse,10,5,10,2,"{'criterion': 'mse', 'max_depth': 10, 'max_leaf_nodes': 5, 'min_samples_leaf': 10, 'min_samples_split': 2}",0.6207483941579486,0.427310536511293,0.7020650685702927,0.6542238881122748,0.7026336090366236,0.6543656408167131,0.6892164318763508,0.6207242518766751,0.6085912163770869,0.7321072639793096,0.6411986301314568,0.08126553316761233,103
76,0.026906085014343262,0.002089198628168034,0.004431605339050293,0.0011321100117828752,mse,10,5,10,5,"{'criterion': 'mse', 'max_depth': 10, 'max_leaf_nodes': 5, 'min_samples_leaf': 10, 'min_samples_split': 5}",0.6207483941579486,0.427310536511293,0.7020650685702927,0.6542238881122748,0.7026336090366236,0.6543656408167131,0.6892164318763508,0.6207242518766751,0.6085912163770869,0.7321072639793096,0.6411986301314568,0.08126553316761233,103
77,0.026679039001464844,0.001390021799557943,0.003925728797912598,0.0013003606432203973,mse,10,5,10,10,"{'criterion': 'mse', 'max_depth': 10, 'max_leaf_nodes': 5, 'min_samples_leaf': 10, 'min_samples_split': 10}",0.6207483941579486,0.427310536511293,0.7020650685702927,0.6542238881122748,0.7026336090366236,0.6543656408167131,0.6892164318763508,0.6207242518766751,0.6085912163770869,0.7321072639793096,0.6411986301314568,0.08126553316761233,103
78,0.02709813117980957,0.002716605074560382,0.0043860673904418945,0.0011276034122130825,mse,10,5,20,2,"{'criterion': 'mse', 'max_depth': 10, 'max_leaf_nodes': 5, 'min_samples_leaf': 20, 'min_samples_split': 2}",0.6062940831992178,0.427310536511293,0.7020650685702927,0.6233120163932591,0.7026336090366236,0.6543656408167131,0.6892164318763508,0.6207242518766751,0.6085912163770869,0.7321072639793096,0.6366620118636821,0.08172236450801779,109
79,0.026109933853149414,0.001748662408804205,0.003980779647827148,0.0011404311968668773,mse,10,5,20,5,"{'criterion': 'mse', 'max_depth': 10, 'max_leaf_nodes': 5, 'min_samples_leaf': 20, 'min_samples_split': 5}",0.6062940831992178,0.427310536511293,0.7020650685702927,0.6233120163932591,0.7026336090366236,0.6543656408167131,0.6892164318763508,0.6207242518766751,0.6085912163770869,0.7321072639793096,0.6366620118636821,0.08172236450801779,109
80,0.027951860427856447,0.0011868268007714342,0.003929233551025391,0.000576600585131373,mse,10,5,20,10,"{'criterion': 'mse', 'max_depth': 10, 'max_leaf_nodes': 5, 'min_samples_leaf': 20, 'min_samples_split': 10}",0.6062940831992178,0.427310536511293,0.7020650685702927,0.6233120163932591,0.7026336090366236,0.6543656408167131,0.6892164318763508,0.6207242518766751,0.6085912163770869,0.7321072639793096,0.6366620118636821,0.08172236450801779,109
81,0.02710857391357422,0.0006007603514671517,0.003937053680419922,0.001072438279024407,mse,10,5,40,2,"{'criterion': 'mse', 'max_depth': 10, 'max_leaf_nodes': 5, 'min_samples_leaf': 40, 'min_samples_split': 2}",0.6945917145941818,0.5194375901975163,0.612545523142592,0.7012051697408482,0.6816638167344651,0.6543656408167131,0.6892164318763508,0.6449072381113505,0.6085912163770869,0.6956896537114614,0.6502213995302566,0.05426512103673559,97
82,0.026083970069885255,0.0010571810182601672,0.00577857494354248,0.0008301011040392704,mse,10,5,40,5,"{'criterion': 'mse', 'max_depth': 10, 'max_leaf_nodes': 5, 'min_samples_leaf': 40, 'min_samples_split': 5}",0.6945917145941818,0.5194375901975163,0.612545523142592,0.7012051697408482,0.6816638167344651,0.6543656408167131,0.6892164318763508,0.6449072381113505,0.6085912163770869,0.6956896537114614,0.6502213995302566,0.05426512103673559,97
83,0.026829123497009277,0.00253431171648224,0.0053375959396362305,0.0008298188580619436,mse,10,5,40,10,"{'criterion': 'mse', 'max_depth': 10, 'max_leaf_nodes': 5, 'min_samples_leaf': 40, 'min_samples_split': 10}",0.6945917145941818,0.5194375901975163,0.612545523142592,0.7012051697408482,0.6816638167344651,0.6543656408167131,0.6892164318763508,0.6449072381113505,0.6085912163770869,0.6956896537114614,0.6502213995302566,0.05426512103673559,97
84,0.03801770210266113,0.0023396078818326096,0.0044707775115966795,0.0013223540777334843,mse,10,20,5,2,"{'criterion': 'mse', 'max_depth': 10, 'max_leaf_nodes': 20, 'min_samples_leaf': 5, 'min_samples_split': 2}",0.9268318159538549,0.795221077086157,0.9542974964098418,0.9329773609653812,0.9153225401541146,0.9366531857678121,0.8118397451249924,0.9247646197700542,0.874847512933494,0.9276629175167017,0.9000418271682404,0.05205373550353218,37
85,0.038269853591918944,0.0025401061937724498,0.004322409629821777,0.001233016732982807,mse,10,20,5,5,"{'criterion': 'mse', 'max_depth': 10, 'max_leaf_nodes': 20, 'min_samples_leaf': 5, 'min_samples_split': 5}",0.9268318159538549,0.795221077086157,0.9542974964098418,0.9329773609653812,0.9153225401541146,0.9366531857678121,0.8118397451249924,0.9247646197700542,0.874847512933494,0.9276629175167017,0.9000418271682404,0.05205373550353218,37
86,0.039274954795837404,0.003172443142170316,0.0043660163879394535,0.0016196187601042655,mse,10,20,5,10,"{'criterion': 'mse', 'max_depth': 10, 'max_leaf_nodes': 20, 'min_samples_leaf': 5, 'min_samples_split': 10}",0.9268318159538549,0.795221077086157,0.9542974964098418,0.9329773609653812,0.9153225401541146,0.9366531857678121,0.8118397451249924,0.9247646197700542,0.874847512933494,0.9276629175167017,0.9000418271682404,0.05205373550353218,37
87,0.03842546939849854,0.0028812113031660837,0.003946566581726074,0.0012488700877936033,mse,10,20,10,2,"{'criterion': 'mse', 'max_depth': 10, 'max_leaf_nodes': 20, 'min_samples_leaf': 10, 'min_samples_split': 2}",0.903624425151001,0.7901847250194661,0.9259458337298101,0.9036039200423666,0.923073291471148,0.9508421055877622,0.9210533376237028,0.9211719339011297,0.8813628936837139,0.9440947600414658,0.9064957226251564,0.043170871389378536,25
88,0.040040326118469236,0.0032906693059095702,0.003953981399536133,0.0006321448999920674,mse,10,20,10,5,"{'criterion': 'mse', 'max_depth': 10, 'max_leaf_nodes': 20, 'min_samples_leaf': 10, 'min_samples_split': 5}",0.903624425151001,0.7901847250194661,0.9259458337298101,0.9036039200423666,0.923073291471148,0.9508421055877622,0.9210533376237028,0.9211719339011297,0.8813628936837139,0.9440947600414658,0.9064957226251564,0.043170871389378536,25
89,0.03852589130401611,0.0022755463922074703,0.004202508926391601,0.001200984444807697,mse,10,20,10,10,"{'criterion': 'mse', 'max_depth': 10, 'max_leaf_nodes': 20, 'min_samples_leaf': 10, 'min_samples_split': 10}",0.903624425151001,0.7901847250194661,0.9259458337298101,0.9036039200423666,0.923073291471148,0.9508421055877622,0.9210533376237028,0.9211719339011297,0.8813628936837139,0.9440947600414658,0.9064957226251564,0.043170871389378536,25
90,0.040207862854003906,0.0032299176676574117,0.003605198860168457,0.0005844047428834705,mse,10,20,20,2,"{'criterion': 'mse', 'max_depth': 10, 'max_leaf_nodes': 20, 'min_samples_leaf': 20, 'min_samples_split': 2}",0.893617916867926,0.7508307494660824,0.9578465281778027,0.8583640610659551,0.9195031884937215,0.920229797360461,0.9361936041877659,0.9098909473500874,0.8039967578256892,0.9649903356813618,0.8915463886476852,0.06503470319786632,49
91,0.03990504741668701,0.0027684164251912443,0.003925633430480957,0.0007492449045102065,mse,10,20,20,5,"{'criterion': 'mse', 'max_depth': 10, 'max_leaf_nodes': 20, 'min_samples_leaf': 20, 'min_samples_split': 5}",0.893617916867926,0.7508307494660824,0.9578465281778027,0.8583640610659551,0.9195031884937215,0.920229797360461,0.9361936041877659,0.9098909473500874,0.8039967578256892,0.9649903356813618,0.8915463886476852,0.06503470319786632,49
92,0.04145324230194092,0.003074605813075184,0.003729104995727539,0.0007074023079124945,mse,10,20,20,10,"{'criterion': 'mse', 'max_depth': 10, 'max_leaf_nodes': 20, 'min_samples_leaf': 20, 'min_samples_split': 10}",0.893617916867926,0.7508307494660824,0.9578465281778027,0.8583640610659551,0.9195031884937215,0.920229797360461,0.9361936041877659,0.9098909473500874,0.8039967578256892,0.9649903356813618,0.8915463886476852,0.06503470319786632,49
93,0.03937563896179199,0.002740822418406062,0.003799748420715332,0.0004186417900394023,mse,10,20,40,2,"{'criterion': 'mse', 'max_depth': 10, 'max_leaf_nodes': 20, 'min_samples_leaf': 40, 'min_samples_split': 2}",0.8993795158588289,0.7269061863626368,0.8680158332602786,0.846586789149205,0.8442179323440636,0.855166892828466,0.8709565937301315,0.8228240042685335,0.7268949565644465,0.9245858455752684,0.8385534549941859,0.062106483240485885,79
94,0.039374256134033205,0.001879891339525013,0.004468536376953125,0.001444986632384255,mse,10,20,40,5,"{'criterion': 'mse', 'max_depth': 10, 'max_leaf_nodes': 20, 'min_samples_leaf': 40, 'min_samples_split': 5}",0.8993795158588289,0.7269061863626368,0.8680158332602786,0.846586789149205,0.8442179323440636,0.855166892828466,0.8709565937301315,0.8228240042685335,0.7268949565644465,0.9245858455752684,0.8385534549941859,0.062106483240485885,79
95,0.03949165344238281,0.0026221851425619843,0.004130220413208008,0.0011392775519278807,mse,10,20,40,10,"{'criterion': 'mse', 'max_depth': 10, 'max_leaf_nodes': 20, 'min_samples_leaf': 40, 'min_samples_split': 10}",0.8993795158588289,0.7269061863626368,0.8680158332602786,0.846586789149205,0.8442179323440636,0.855166892828466,0.8709565937301315,0.8228240042685335,0.7268949565644465,0.9245858455752684,0.8385534549941859,0.062106483240485885,79
96,0.05705811977386475,0.0029341412120198053,0.004576778411865235,0.0012596016062151989,mse,10,100,5,2,"{'criterion': 'mse', 'max_depth': 10, 'max_leaf_nodes': 100, 'min_samples_leaf': 5, 'min_samples_split': 2}",0.9658164629314228,0.8526203913089428,0.9956769341569919,0.9667231320144153,0.965761874727856,0.9670165806290038,0.853975439678049,0.9861874053651354,0.9004681342464496,0.9612357581119141,0.9415482113170182,0.05003254942147385,7
97,0.05751979351043701,0.0024844354016097165,0.0043151617050170895,0.0009425422494117655,mse,10,100,5,5,"{'criterion': 'mse', 'max_depth': 10, 'max_leaf_nodes': 100, 'min_samples_leaf': 5, 'min_samples_split': 5}",0.9658164629314228,0.8526203913089428,0.9956769341569919,0.9667231320144153,0.965761874727856,0.9670165806290038,0.853975439678049,0.9861874053651354,0.9004681342464496,0.9612357581119141,0.9415482113170182,0.05003254942147385,7
98,0.058049702644348146,0.0028410214499686084,0.004181265830993652,0.0010040452144751005,mse,10,100,5,10,"{'criterion': 'mse', 'max_depth': 10, 'max_leaf_nodes': 100, 'min_samples_leaf': 5, 'min_samples_split': 10}",0.9658164629314228,0.8526203913089428,0.9956769341569919,0.9667231320144153,0.965761874727856,0.9670165806290038,0.853975439678049,0.9861874053651354,0.9004681342464496,0.9612357581119141,0.9415482113170182,0.05003254942147385,7
99,0.057879304885864256,0.0022577987657409967,0.004056310653686524,0.0010566910206477743,mse,10,100,10,2,"{'criterion': 'mse', 'max_depth': 10, 'max_leaf_nodes': 100, 'min_samples_leaf': 10, 'min_samples_split': 2}",0.9306332633060377,0.8157859065699231,0.9567115175379955,0.9280210754729049,0.9655219414087941,0.9689283982283834,0.950417578065768,0.9693272942309568,0.898154840479019,0.9688504771351266,0.9352352292434908,0.04555526429935158,10
100,0.058255887031555174,0.002171570139063607,0.004251861572265625,0.0007464636795781982,mse,10,100,10,5,"{'criterion': 'mse', 'max_depth': 10, 'max_leaf_nodes': 100, 'min_samples_leaf': 10, 'min_samples_split': 5}",0.9306332633060377,0.8157859065699231,0.9567115175379955,0.9280210754729049,0.9655219414087941,0.9689283982283834,0.950417578065768,0.9693272942309568,0.898154840479019,0.9688504771351266,0.9352352292434908,0.04555526429935158,10
101,0.07297520637512207,0.021336356937608915,0.0059929370880126955,0.0026339525484823244,mse,10,100,10,10,"{'criterion': 'mse', 'max_depth': 10, 'max_leaf_nodes': 100, 'min_samples_leaf': 10, 'min_samples_split': 10}",0.9306332633060377,0.8157859065699231,0.9567115175379955,0.9280210754729049,0.9655219414087941,0.9689283982283834,0.950417578065768,0.9693272942309568,0.898154840479019,0.9688504771351266,0.9352352292434908,0.04555526429935158,10
102,0.07589895725250244,0.024635027288719517,0.0053147077560424805,0.002243537558807815,mse,10,100,20,2,"{'criterion': 'mse', 'max_depth': 10, 'max_leaf_nodes': 100, 'min_samples_leaf': 20, 'min_samples_split': 2}",0.9095021266227253,0.7645361420734387,0.9663764657256033,0.8735954657355012,0.9355215424492519,0.9318653874779047,0.948701676183453,0.9435518044635318,0.8136852002200334,0.9765294998609122,0.9063865310812357,0.0655657752919532,31
103,0.06602156162261963,0.018375260659482927,0.005806636810302734,0.003670636640220169,mse,10,100,20,5,"{'criterion': 'mse', 'max_depth': 10, 'max_leaf_nodes': 100, 'min_samples_leaf': 20, 'min_samples_split': 5}",0.9095021266227253,0.7645361420734387,0.9663764657256033,0.8735954657355012,0.9355215424492519,0.9318653874779047,0.948701676183453,0.9435518044635318,0.8136852002200334,0.9765294998609122,0.9063865310812357,0.0655657752919532,31
104,0.06429901123046874,0.021315525666234323,0.005081534385681152,0.002936719287982617,mse,10,100,20,10,"{'criterion': 'mse', 'max_depth': 10, 'max_leaf_nodes': 100, 'min_samples_leaf': 20, 'min_samples_split': 10}",0.9095021266227253,0.7645361420734387,0.9663764657256033,0.8735954657355012,0.9355215424492519,0.9318653874779047,0.948701676183453,0.9435518044635318,0.8136852002200334,0.9765294998609122,0.9063865310812357,0.0655657752919532,31
105,0.059975600242614745,0.01578056148963991,0.005510711669921875,0.002221185372454049,mse,10,100,40,2,"{'criterion': 'mse', 'max_depth': 10, 'max_leaf_nodes': 100, 'min_samples_leaf': 40, 'min_samples_split': 2}",0.9035080016725603,0.7308395798868266,0.8731387321575268,0.8494386400418439,0.8474115980117549,0.8593285343331424,0.8739705061789642,0.8266569480915522,0.72886441405729,0.9289594921232227,0.8422116446554684,0.06254045044628853,73
106,0.040365290641784665,0.0013822966412736191,0.003640103340148926,0.0009519780633584685,mse,10,100,40,5,"{'criterion': 'mse', 'max_depth': 10, 'max_leaf_nodes': 100, 'min_samples_leaf': 40, 'min_samples_split': 5}",0.9035080016725603,0.7308395798868266,0.8731387321575268,0.8494386400418439,0.8474115980117549,0.8593285343331424,0.8739705061789642,0.8266569480915522,0.72886441405729,0.9289594921232227,0.8422116446554684,0.06254045044628853,73
107,0.0402341365814209,0.0021051998551130644,0.0033119916915893555,0.00021443095156715314,mse,10,100,40,10,"{'criterion': 'mse', 'max_depth': 10, 'max_leaf_nodes': 100, 'min_samples_leaf': 40, 'min_samples_split': 10}",0.9035080016725603,0.7308395798868266,0.8731387321575268,0.8494386400418439,0.8474115980117549,0.8593285343331424,0.8739705061789642,0.8266569480915522,0.72886441405729,0.9289594921232227,0.8422116446554684,0.06254045044628853,73
108,1.0868467807769775,0.06939650466538952,0.004985952377319336,0.0025535800833079224,mae,2,5,5,2,"{'criterion': 'mae', 'max_depth': 2, 'max_leaf_nodes': 5, 'min_samples_leaf': 5, 'min_samples_split': 2}",0.6133023070380257,0.461236712145649,0.5839951182630554,0.5628601523519583,0.5414822033601093,0.5666831253590154,0.5780496170272983,0.6423103380201236,0.42107217304490063,0.5573077349935521,0.5528299481603688,0.0628185605307799,181
109,1.0471157550811767,0.04118566549879067,0.0034200668334960936,0.00011665121098811132,mae,2,5,5,5,"{'criterion': 'mae', 'max_depth': 2, 'max_leaf_nodes': 5, 'min_samples_leaf': 5, 'min_samples_split': 5}",0.6133023070380257,0.461236712145649,0.5839951182630554,0.5628601523519583,0.5414822033601093,0.5666831253590154,0.5780496170272983,0.6423103380201236,0.42107217304490063,0.5573077349935521,0.5528299481603688,0.0628185605307799,181
110,1.0620100498199463,0.040348654244835816,0.0034798622131347657,0.00032652635976646233,mae,2,5,5,10,"{'criterion': 'mae', 'max_depth': 2, 'max_leaf_nodes': 5, 'min_samples_leaf': 5, 'min_samples_split': 10}",0.6133023070380257,0.461236712145649,0.5839951182630554,0.5628601523519583,0.5414822033601093,0.5666831253590154,0.5780496170272983,0.6423103380201236,0.42107217304490063,0.5573077349935521,0.5528299481603688,0.0628185605307799,181
111,1.0227136850357055,0.04034231155545983,0.0033922433853149415,0.00019647778271688482,mae,2,5,10,2,"{'criterion': 'mae', 'max_depth': 2, 'max_leaf_nodes': 5, 'min_samples_leaf': 10, 'min_samples_split': 2}",0.6133023070380257,0.461236712145649,0.5839951182630554,0.5628601523519583,0.5414822033601093,0.5666831253590154,0.5780496170272983,0.6423103380201236,0.42107217304490063,0.5573077349935521,0.5528299481603688,0.0628185605307799,181
112,1.009296989440918,0.037856327660592264,0.0034316539764404296,0.00017770855342379914,mae,2,5,10,5,"{'criterion': 'mae', 'max_depth': 2, 'max_leaf_nodes': 5, 'min_samples_leaf': 10, 'min_samples_split': 5}",0.6133023070380257,0.461236712145649,0.5839951182630554,0.5628601523519583,0.5414822033601093,0.5666831253590154,0.5780496170272983,0.6423103380201236,0.42107217304490063,0.5573077349935521,0.5528299481603688,0.0628185605307799,181
113,1.1100219249725343,0.10800827834161063,0.0036899328231811525,0.0008420218197321832,mae,2,5,10,10,"{'criterion': 'mae', 'max_depth': 2, 'max_leaf_nodes': 5, 'min_samples_leaf': 10, 'min_samples_split': 10}",0.6133023070380257,0.461236712145649,0.5839951182630554,0.5628601523519583,0.5414822033601093,0.5666831253590154,0.5780496170272983,0.6423103380201236,0.42107217304490063,0.5573077349935521,0.5528299481603688,0.0628185605307799,181
114,1.0917482137680055,0.09824132122978892,0.005036115646362305,0.0016800400759634708,mae,2,5,20,2,"{'criterion': 'mae', 'max_depth': 2, 'max_leaf_nodes': 5, 'min_samples_leaf': 20, 'min_samples_split': 2}",0.6133023070380257,0.461236712145649,0.5839951182630554,0.5628601523519583,0.5414822033601093,0.5666831253590154,0.5780496170272983,0.6423103380201236,0.42107217304490063,0.5573077349935521,0.5528299481603688,0.0628185605307799,181
115,1.1263756513595582,0.15324407431141773,0.003494453430175781,0.0001595931227823767,mae,2,5,20,5,"{'criterion': 'mae', 'max_depth': 2, 'max_leaf_nodes': 5, 'min_samples_leaf': 20, 'min_samples_split': 5}",0.6133023070380257,0.461236712145649,0.5839951182630554,0.5628601523519583,0.5414822033601093,0.5666831253590154,0.5780496170272983,0.6423103380201236,0.42107217304490063,0.5573077349935521,0.5528299481603688,0.0628185605307799,181
116,1.1006928205490112,0.10063289718748376,0.004421687126159668,0.0010081133186824957,mae,2,5,20,10,"{'criterion': 'mae', 'max_depth': 2, 'max_leaf_nodes': 5, 'min_samples_leaf': 20, 'min_samples_split': 10}",0.6133023070380257,0.461236712145649,0.5839951182630554,0.5628601523519583,0.5414822033601093,0.5666831253590154,0.5780496170272983,0.6423103380201236,0.42107217304490063,0.5573077349935521,0.5528299481603688,0.0628185605307799,181
117,0.9873732566833496,0.033163711701015654,0.0036353349685668947,0.0006115971373619719,mae,2,5,40,2,"{'criterion': 'mae', 'max_depth': 2, 'max_leaf_nodes': 5, 'min_samples_leaf': 40, 'min_samples_split': 2}",0.6133023070380257,0.461236712145649,0.5839951182630554,0.5628601523519583,0.5414822033601093,0.5666831253590154,0.5780496170272983,0.6423103380201236,0.42107217304490063,0.5573077349935521,0.5528299481603688,0.0628185605307799,181
118,0.937253189086914,0.03083271066162463,0.0035089731216430666,0.00018003087945876107,mae,2,5,40,5,"{'criterion': 'mae', 'max_depth': 2, 'max_leaf_nodes': 5, 'min_samples_leaf': 40, 'min_samples_split': 5}",0.6133023070380257,0.461236712145649,0.5839951182630554,0.5628601523519583,0.5414822033601093,0.5666831253590154,0.5780496170272983,0.6423103380201236,0.42107217304490063,0.5573077349935521,0.5528299481603688,0.0628185605307799,181
119,0.9382193565368653,0.03070611080068646,0.0036449432373046875,0.0006658797698780537,mae,2,5,40,10,"{'criterion': 'mae', 'max_depth': 2, 'max_leaf_nodes': 5, 'min_samples_leaf': 40, 'min_samples_split': 10}",0.6133023070380257,0.461236712145649,0.5839951182630554,0.5628601523519583,0.5414822033601093,0.5666831253590154,0.5780496170272983,0.6423103380201236,0.42107217304490063,0.5573077349935521,0.5528299481603688,0.0628185605307799,181
120,1.0574365377426147,0.04065409628362065,0.003588294982910156,0.0004767602405499759,mae,2,20,5,2,"{'criterion': 'mae', 'max_depth': 2, 'max_leaf_nodes': 20, 'min_samples_leaf': 5, 'min_samples_split': 2}",0.6133023070380257,0.461236712145649,0.5839951182630554,0.5628601523519583,0.5414822033601093,0.5666831253590154,0.5780496170272983,0.6423103380201236,0.42107217304490063,0.5573077349935521,0.5528299481603688,0.0628185605307799,181
121,1.0601185798645019,0.040139936665725386,0.003394341468811035,0.00014552670289906823,mae,2,20,5,5,"{'criterion': 'mae', 'max_depth': 2, 'max_leaf_nodes': 20, 'min_samples_leaf': 5, 'min_samples_split': 5}",0.6133023070380257,0.461236712145649,0.5839951182630554,0.5628601523519583,0.5414822033601093,0.5666831253590154,0.5780496170272983,0.6423103380201236,0.42107217304490063,0.5573077349935521,0.5528299481603688,0.0628185605307799,181
122,1.0617154836654663,0.04191009376731843,0.00336761474609375,8.393612677521961e-05,mae,2,20,5,10,"{'criterion': 'mae', 'max_depth': 2, 'max_leaf_nodes': 20, 'min_samples_leaf': 5, 'min_samples_split': 10}",0.6133023070380257,0.461236712145649,0.5839951182630554,0.5628601523519583,0.5414822033601093,0.5666831253590154,0.5780496170272983,0.6423103380201236,0.42107217304490063,0.5573077349935521,0.5528299481603688,0.0628185605307799,181
123,1.0189997673034668,0.0382310550221388,0.0033949136734008787,0.00013098257813262104,mae,2,20,10,2,"{'criterion': 'mae', 'max_depth': 2, 'max_leaf_nodes': 20, 'min_samples_leaf': 10, 'min_samples_split': 2}",0.6133023070380257,0.461236712145649,0.5839951182630554,0.5628601523519583,0.5414822033601093,0.5666831253590154,0.5780496170272983,0.6423103380201236,0.42107217304490063,0.5573077349935521,0.5528299481603688,0.0628185605307799,181
124,1.1231860876083375,0.05912488521656935,0.004038166999816894,0.0010142765074348892,mae,2,20,10,5,"{'criterion': 'mae', 'max_depth': 2, 'max_leaf_nodes': 20, 'min_samples_leaf': 10, 'min_samples_split': 5}",0.6133023070380257,0.461236712145649,0.5839951182630554,0.5628601523519583,0.5414822033601093,0.5666831253590154,0.5780496170272983,0.6423103380201236,0.42107217304490063,0.5573077349935521,0.5528299481603688,0.0628185605307799,181
125,1.1352573871612548,0.04008688762823581,0.0038837909698486326,0.0007953885558454028,mae,2,20,10,10,"{'criterion': 'mae', 'max_depth': 2, 'max_leaf_nodes': 20, 'min_samples_leaf': 10, 'min_samples_split': 10}",0.6133023070380257,0.461236712145649,0.5839951182630554,0.5628601523519583,0.5414822033601093,0.5666831253590154,0.5780496170272983,0.6423103380201236,0.42107217304490063,0.5573077349935521,0.5528299481603688,0.0628185605307799,181
126,1.115189790725708,0.04880843781594232,0.003980207443237305,0.0010336218863280628,mae,2,20,20,2,"{'criterion': 'mae', 'max_depth': 2, 'max_leaf_nodes': 20, 'min_samples_leaf': 20, 'min_samples_split': 2}",0.6133023070380257,0.461236712145649,0.5839951182630554,0.5628601523519583,0.5414822033601093,0.5666831253590154,0.5780496170272983,0.6423103380201236,0.42107217304490063,0.5573077349935521,0.5528299481603688,0.0628185605307799,181
127,1.1000224113464356,0.041511690389173066,0.004033303260803223,0.0008882584763220811,mae,2,20,20,5,"{'criterion': 'mae', 'max_depth': 2, 'max_leaf_nodes': 20, 'min_samples_leaf': 20, 'min_samples_split': 5}",0.6133023070380257,0.461236712145649,0.5839951182630554,0.5628601523519583,0.5414822033601093,0.5666831253590154,0.5780496170272983,0.6423103380201236,0.42107217304490063,0.5573077349935521,0.5528299481603688,0.0628185605307799,181
128,1.1106152057647705,0.032665200927123814,0.003987503051757812,0.0011173141657410638,mae,2,20,20,10,"{'criterion': 'mae', 'max_depth': 2, 'max_leaf_nodes': 20, 'min_samples_leaf': 20, 'min_samples_split': 10}",0.6133023070380257,0.461236712145649,0.5839951182630554,0.5628601523519583,0.5414822033601093,0.5666831253590154,0.5780496170272983,0.6423103380201236,0.42107217304490063,0.5573077349935521,0.5528299481603688,0.0628185605307799,181
129,0.9957354068756104,0.08806497611972838,0.003976964950561523,0.0011641002270692433,mae,2,20,40,2,"{'criterion': 'mae', 'max_depth': 2, 'max_leaf_nodes': 20, 'min_samples_leaf': 40, 'min_samples_split': 2}",0.6133023070380257,0.461236712145649,0.5839951182630554,0.5628601523519583,0.5414822033601093,0.5666831253590154,0.5780496170272983,0.6423103380201236,0.42107217304490063,0.5573077349935521,0.5528299481603688,0.0628185605307799,181
130,0.9638957262039185,0.035092542313168246,0.0035152196884155273,0.00032729913668904525,mae,2,20,40,5,"{'criterion': 'mae', 'max_depth': 2, 'max_leaf_nodes': 20, 'min_samples_leaf': 40, 'min_samples_split': 5}",0.6133023070380257,0.461236712145649,0.5839951182630554,0.5628601523519583,0.5414822033601093,0.5666831253590154,0.5780496170272983,0.6423103380201236,0.42107217304490063,0.5573077349935521,0.5528299481603688,0.0628185605307799,181
131,0.982881236076355,0.036381430807752316,0.0037945985794067385,0.0006869891671808163,mae,2,20,40,10,"{'criterion': 'mae', 'max_depth': 2, 'max_leaf_nodes': 20, 'min_samples_leaf': 40, 'min_samples_split': 10}",0.6133023070380257,0.461236712145649,0.5839951182630554,0.5628601523519583,0.5414822033601093,0.5666831253590154,0.5780496170272983,0.6423103380201236,0.42107217304490063,0.5573077349935521,0.5528299481603688,0.0628185605307799,181
132,1.1546612977981567,0.03682327958453437,0.004561877250671387,0.0015573690891648318,mae,2,100,5,2,"{'criterion': 'mae', 'max_depth': 2, 'max_leaf_nodes': 100, 'min_samples_leaf': 5, 'min_samples_split': 2}",0.6133023070380257,0.461236712145649,0.5839951182630554,0.5628601523519583,0.5414822033601093,0.5666831253590154,0.5780496170272983,0.6423103380201236,0.42107217304490063,0.5573077349935521,0.5528299481603688,0.0628185605307799,181
133,1.1876187801361084,0.06270071890339445,0.004111075401306152,0.0007514678538106055,mae,2,100,5,5,"{'criterion': 'mae', 'max_depth': 2, 'max_leaf_nodes': 100, 'min_samples_leaf': 5, 'min_samples_split': 5}",0.6133023070380257,0.461236712145649,0.5839951182630554,0.5628601523519583,0.5414822033601093,0.5666831253590154,0.5780496170272983,0.6423103380201236,0.42107217304490063,0.5573077349935521,0.5528299481603688,0.0628185605307799,181
134,1.1459078311920166,0.05341038071035766,0.004104113578796387,0.001392296899867445,mae,2,100,5,10,"{'criterion': 'mae', 'max_depth': 2, 'max_leaf_nodes': 100, 'min_samples_leaf': 5, 'min_samples_split': 10}",0.6133023070380257,0.461236712145649,0.5839951182630554,0.5628601523519583,0.5414822033601093,0.5666831253590154,0.5780496170272983,0.6423103380201236,0.42107217304490063,0.5573077349935521,0.5528299481603688,0.0628185605307799,181
135,1.1403160572052002,0.04520510058745173,0.004002070426940918,0.000999766944542532,mae,2,100,10,2,"{'criterion': 'mae', 'max_depth': 2, 'max_leaf_nodes': 100, 'min_samples_leaf': 10, 'min_samples_split': 2}",0.6133023070380257,0.461236712145649,0.5839951182630554,0.5628601523519583,0.5414822033601093,0.5666831253590154,0.5780496170272983,0.6423103380201236,0.42107217304490063,0.5573077349935521,0.5528299481603688,0.0628185605307799,181
136,1.1363656520843506,0.05238789630741207,0.003755927085876465,0.0005352210698823257,mae,2,100,10,5,"{'criterion': 'mae', 'max_depth': 2, 'max_leaf_nodes': 100, 'min_samples_leaf': 10, 'min_samples_split': 5}",0.6133023070380257,0.461236712145649,0.5839951182630554,0.5628601523519583,0.5414822033601093,0.5666831253590154,0.5780496170272983,0.6423103380201236,0.42107217304490063,0.5573077349935521,0.5528299481603688,0.0628185605307799,181
137,1.1214752912521362,0.05177139705867623,0.004489588737487793,0.001787068326161654,mae,2,100,10,10,"{'criterion': 'mae', 'max_depth': 2, 'max_leaf_nodes': 100, 'min_samples_leaf': 10, 'min_samples_split': 10}",0.6133023070380257,0.461236712145649,0.5839951182630554,0.5628601523519583,0.5414822033601093,0.5666831253590154,0.5780496170272983,0.6423103380201236,0.42107217304490063,0.5573077349935521,0.5528299481603688,0.0628185605307799,181
138,1.054049801826477,0.04552215644467681,0.003475666046142578,0.0004585795904494212,mae,2,100,20,2,"{'criterion': 'mae', 'max_depth': 2, 'max_leaf_nodes': 100, 'min_samples_leaf': 20, 'min_samples_split': 2}",0.6133023070380257,0.461236712145649,0.5839951182630554,0.5628601523519583,0.5414822033601093,0.5666831253590154,0.5780496170272983,0.6423103380201236,0.42107217304490063,0.5573077349935521,0.5528299481603688,0.0628185605307799,181
139,1.0764340162277222,0.020736755055133678,0.003946328163146972,0.0010814028131650036,mae,2,100,20,5,"{'criterion': 'mae', 'max_depth': 2, 'max_leaf_nodes': 100, 'min_samples_leaf': 20, 'min_samples_split': 5}",0.6133023070380257,0.461236712145649,0.5839951182630554,0.5628601523519583,0.5414822033601093,0.5666831253590154,0.5780496170272983,0.6423103380201236,0.42107217304490063,0.5573077349935521,0.5528299481603688,0.0628185605307799,181
140,1.0809443950653077,0.055079857695340885,0.0037042856216430663,0.0005779252238185556,mae,2,100,20,10,"{'criterion': 'mae', 'max_depth': 2, 'max_leaf_nodes': 100, 'min_samples_leaf': 20, 'min_samples_split': 10}",0.6133023070380257,0.461236712145649,0.5839951182630554,0.5628601523519583,0.5414822033601093,0.5666831253590154,0.5780496170272983,0.6423103380201236,0.42107217304490063,0.5573077349935521,0.5528299481603688,0.0628185605307799,181
141,1.0297470331192016,0.02295884630513224,0.0046692371368408205,0.001325471380524521,mae,2,100,40,2,"{'criterion': 'mae', 'max_depth': 2, 'max_leaf_nodes': 100, 'min_samples_leaf': 40, 'min_samples_split': 2}",0.6133023070380257,0.461236712145649,0.5839951182630554,0.5628601523519583,0.5414822033601093,0.5666831253590154,0.5780496170272983,0.6423103380201236,0.42107217304490063,0.5573077349935521,0.5528299481603688,0.0628185605307799,181
142,1.060439944267273,0.06612650140463244,0.004865717887878418,0.0018860263451847734,mae,2,100,40,5,"{'criterion': 'mae', 'max_depth': 2, 'max_leaf_nodes': 100, 'min_samples_leaf': 40, 'min_samples_split': 5}",0.6133023070380257,0.461236712145649,0.5839951182630554,0.5628601523519583,0.5414822033601093,0.5666831253590154,0.5780496170272983,0.6423103380201236,0.42107217304490063,0.5573077349935521,0.5528299481603688,0.0628185605307799,181
143,1.0224169492721558,0.056108167401688926,0.004229211807250976,0.0012949421553468598,mae,2,100,40,10,"{'criterion': 'mae', 'max_depth': 2, 'max_leaf_nodes': 100, 'min_samples_leaf': 40, 'min_samples_split': 10}",0.6133023070380257,0.461236712145649,0.5839951182630554,0.5628601523519583,0.5414822033601093,0.5666831253590154,0.5780496170272983,0.6423103380201236,0.42107217304490063,0.5573077349935521,0.5528299481603688,0.0628185605307799,181
144,1.4983133792877197,0.08569151271714638,0.003594207763671875,0.00038560853971713086,mae,6,5,5,2,"{'criterion': 'mae', 'max_depth': 6, 'max_leaf_nodes': 5, 'min_samples_leaf': 5, 'min_samples_split': 2}",0.6344682390708358,0.47867037961607684,0.6086055970051583,0.5794085957013305,0.5592047387603803,0.5960670772090824,0.5976085563327538,0.6660645576919114,0.4302764931717188,0.5784545416291875,0.5728828776188435,0.06661370490314976,157
145,1.4992332696914672,0.0595809418197967,0.004340243339538574,0.00154046902680575,mae,6,5,5,5,"{'criterion': 'mae', 'max_depth': 6, 'max_leaf_nodes': 5, 'min_samples_leaf': 5, 'min_samples_split': 5}",0.6344682390708358,0.47867037961607684,0.6086055970051583,0.5794085957013305,0.5592047387603803,0.5960670772090824,0.5976085563327538,0.6660645576919114,0.4302764931717188,0.5784545416291875,0.5728828776188435,0.06661370490314976,157
146,1.4725931882858276,0.07106943143418806,0.003635811805725098,0.0007805463443058188,mae,6,5,5,10,"{'criterion': 'mae', 'max_depth': 6, 'max_leaf_nodes': 5, 'min_samples_leaf': 5, 'min_samples_split': 10}",0.6344682390708358,0.47867037961607684,0.6086055970051583,0.5794085957013305,0.5592047387603803,0.5960670772090824,0.5976085563327538,0.6660645576919114,0.4302764931717188,0.5784545416291875,0.5728828776188435,0.06661370490314976,157
147,1.3932323217391969,0.0528114151621269,0.0043993711471557615,0.0013495715125001523,mae,6,5,10,2,"{'criterion': 'mae', 'max_depth': 6, 'max_leaf_nodes': 5, 'min_samples_leaf': 10, 'min_samples_split': 2}",0.6344682390708358,0.47867037961607684,0.6086055970051583,0.5794085957013305,0.5592047387603803,0.5960670772090824,0.5976085563327538,0.6660645576919114,0.4302764931717188,0.5784545416291875,0.5728828776188435,0.06661370490314976,157
148,1.4239586114883422,0.04819026767414291,0.003680133819580078,0.000570385158262465,mae,6,5,10,5,"{'criterion': 'mae', 'max_depth': 6, 'max_leaf_nodes': 5, 'min_samples_leaf': 10, 'min_samples_split': 5}",0.6344682390708358,0.47867037961607684,0.6086055970051583,0.5794085957013305,0.5592047387603803,0.5960670772090824,0.5976085563327538,0.6660645576919114,0.4302764931717188,0.5784545416291875,0.5728828776188435,0.06661370490314976,157
149,1.4367995738983155,0.07795838551401842,0.004062509536743164,0.0011998718239410102,mae,6,5,10,10,"{'criterion': 'mae', 'max_depth': 6, 'max_leaf_nodes': 5, 'min_samples_leaf': 10, 'min_samples_split': 10}",0.6344682390708358,0.47867037961607684,0.6086055970051583,0.5794085957013305,0.5592047387603803,0.5960670772090824,0.5976085563327538,0.6660645576919114,0.4302764931717188,0.5784545416291875,0.5728828776188435,0.06661370490314976,157
150,1.3919828414916993,0.07791967824660917,0.004605650901794434,0.0014275524101997436,mae,6,5,20,2,"{'criterion': 'mae', 'max_depth': 6, 'max_leaf_nodes': 5, 'min_samples_leaf': 20, 'min_samples_split': 2}",0.6344682390708358,0.47867037961607684,0.6086055970051583,0.5794085957013305,0.5592047387603803,0.5960670772090824,0.5976085563327538,0.6660645576919114,0.4302764931717188,0.5784545416291875,0.5728828776188435,0.06661370490314976,157
151,1.3581605911254884,0.059227079602081456,0.0037621259689331055,0.000678969024397673,mae,6,5,20,5,"{'criterion': 'mae', 'max_depth': 6, 'max_leaf_nodes': 5, 'min_samples_leaf': 20, 'min_samples_split': 5}",0.6344682390708358,0.47867037961607684,0.6086055970051583,0.5794085957013305,0.5592047387603803,0.5960670772090824,0.5976085563327538,0.6660645576919114,0.4302764931717188,0.5784545416291875,0.5728828776188435,0.06661370490314976,157
152,1.3537042379379272,0.06043896578469226,0.0035279512405395506,0.0003517547765588293,mae,6,5,20,10,"{'criterion': 'mae', 'max_depth': 6, 'max_leaf_nodes': 5, 'min_samples_leaf': 20, 'min_samples_split': 10}",0.6344682390708358,0.47867037961607684,0.6086055970051583,0.5794085957013305,0.5592047387603803,0.5960670772090824,0.5976085563327538,0.6660645576919114,0.4302764931717188,0.5784545416291875,0.5728828776188435,0.06661370490314976,157
153,1.2455388307571411,0.04736079254814749,0.0038281679153442383,0.0010145015815619816,mae,6,5,40,2,"{'criterion': 'mae', 'max_depth': 6, 'max_leaf_nodes': 5, 'min_samples_leaf': 40, 'min_samples_split': 2}",0.6344682390708358,0.47867037961607684,0.6086055970051583,0.5794085957013305,0.5592047387603803,0.5960670772090824,0.5976085563327538,0.6660645576919114,0.4302764931717188,0.5784545416291875,0.5728828776188435,0.06661370490314976,157
154,1.2539730310440063,0.05720569454133057,0.00406959056854248,0.0011658822706583725,mae,6,5,40,5,"{'criterion': 'mae', 'max_depth': 6, 'max_leaf_nodes': 5, 'min_samples_leaf': 40, 'min_samples_split': 5}",0.6344682390708358,0.47867037961607684,0.6086055970051583,0.5794085957013305,0.5592047387603803,0.5960670772090824,0.5976085563327538,0.6660645576919114,0.4302764931717188,0.5784545416291875,0.5728828776188435,0.06661370490314976,157
155,1.316345477104187,0.05842267741029461,0.004045176506042481,0.0004113979153908329,mae,6,5,40,10,"{'criterion': 'mae', 'max_depth': 6, 'max_leaf_nodes': 5, 'min_samples_leaf': 40, 'min_samples_split': 10}",0.6344682390708358,0.47867037961607684,0.6086055970051583,0.5794085957013305,0.5592047387603803,0.5960670772090824,0.5976085563327538,0.6660645576919114,0.4302764931717188,0.5784545416291875,0.5728828776188435,0.06661370490314976,157
156,1.642364001274109,0.0942056635492137,0.00455625057220459,0.0007452804618775336,mae,6,20,5,2,"{'criterion': 'mae', 'max_depth': 6, 'max_leaf_nodes': 20, 'min_samples_leaf': 5, 'min_samples_split': 2}",0.9436836757197311,0.7538811064038801,0.9546981327326205,0.9284157508003115,0.9424485690884208,0.9353091636753533,0.908226710692645,0.9066889925119024,0.7745251863610901,0.9254125732289284,0.8973289861214884,0.06821858928423873,43
157,1.6641615390777589,0.044777294972657346,0.004818344116210937,0.0014156546955178394,mae,6,20,5,5,"{'criterion': 'mae', 'max_depth': 6, 'max_leaf_nodes': 20, 'min_samples_leaf': 5, 'min_samples_split': 5}",0.9436836757197311,0.7538811064038801,0.9546981327326205,0.9284157508003115,0.9424485690884208,0.9353091636753533,0.908226710692645,0.9066889925119024,0.7745251863610901,0.9254125732289284,0.8973289861214884,0.06821858928423873,43
158,1.63354389667511,0.058054434858259826,0.0036822795867919923,0.0009480696088407176,mae,6,20,5,10,"{'criterion': 'mae', 'max_depth': 6, 'max_leaf_nodes': 20, 'min_samples_leaf': 5, 'min_samples_split': 10}",0.9436836757197311,0.7538811064038801,0.9546981327326205,0.9284157508003115,0.9424485690884208,0.9353091636753533,0.908226710692645,0.9066889925119024,0.7745251863610901,0.9254125732289284,0.8973289861214884,0.06821858928423873,43
159,1.5962028503417969,0.04539383536010917,0.004053378105163574,0.0009977930588463456,mae,6,20,10,2,"{'criterion': 'mae', 'max_depth': 6, 'max_leaf_nodes': 20, 'min_samples_leaf': 10, 'min_samples_split': 2}",0.9134412057075609,0.7538811064038801,0.9531246175492006,0.9121508040454754,0.9346483987368053,0.9306585684571165,0.9115546584779685,0.9066889925119024,0.7499617367837593,0.9254786225415509,0.889158871121522,0.06986080166697325,55
160,1.587357473373413,0.05085504341386699,0.003628969192504883,0.0005236596058942593,mae,6,20,10,5,"{'criterion': 'mae', 'max_depth': 6, 'max_leaf_nodes': 20, 'min_samples_leaf': 10, 'min_samples_split': 5}",0.9134412057075609,0.7538811064038801,0.9531246175492006,0.9121508040454754,0.9346483987368053,0.9306585684571165,0.9115546584779685,0.9066889925119024,0.7499617367837593,0.9254786225415509,0.889158871121522,0.06986080166697325,55
161,1.5538508415222168,0.05233128128089893,0.004227900505065918,0.0012925199872303886,mae,6,20,10,10,"{'criterion': 'mae', 'max_depth': 6, 'max_leaf_nodes': 20, 'min_samples_leaf': 10, 'min_samples_split': 10}",0.9134412057075609,0.7538811064038801,0.9531246175492006,0.9121508040454754,0.9346483987368053,0.9306585684571165,0.9115546584779685,0.9066889925119024,0.7499617367837593,0.9254786225415509,0.889158871121522,0.06986080166697325,55
162,1.4327302694320678,0.06700765511174939,0.0035000085830688477,0.00045153236637818125,mae,6,20,20,2,"{'criterion': 'mae', 'max_depth': 6, 'max_leaf_nodes': 20, 'min_samples_leaf': 20, 'min_samples_split': 2}",0.891216314809905,0.7260366498263509,0.933332229907808,0.8440049519980731,0.8901744853212489,0.8752512917948442,0.9037686732723555,0.9323143258645147,0.711125123815449,0.898538442140996,0.8605762488751546,0.07515841576891351,67
163,1.4137111902236938,0.0683997690902106,0.0033765792846679687,0.00011047387732299596,mae,6,20,20,5,"{'criterion': 'mae', 'max_depth': 6, 'max_leaf_nodes': 20, 'min_samples_leaf': 20, 'min_samples_split': 5}",0.891216314809905,0.7260366498263509,0.933332229907808,0.8440049519980731,0.8901744853212489,0.8752512917948442,0.9037686732723555,0.9323143258645147,0.711125123815449,0.898538442140996,0.8605762488751546,0.07515841576891351,67
164,1.4772944927215577,0.08864337423382798,0.003987550735473633,0.0008410252399349579,mae,6,20,20,10,"{'criterion': 'mae', 'max_depth': 6, 'max_leaf_nodes': 20, 'min_samples_leaf': 20, 'min_samples_split': 10}",0.891216314809905,0.7260366498263509,0.933332229907808,0.8440049519980731,0.8901744853212489,0.8752512917948442,0.9037686732723555,0.9323143258645147,0.711125123815449,0.898538442140996,0.8605762488751546,0.07515841576891351,67
165,1.375165295600891,0.058122376405352595,0.004413056373596192,0.001794963039842343,mae,6,20,40,2,"{'criterion': 'mae', 'max_depth': 6, 'max_leaf_nodes': 20, 'min_samples_leaf': 40, 'min_samples_split': 2}",0.8588209374953779,0.6948743340748873,0.8821388750298256,0.8067985768303572,0.8504488585276674,0.850019034629648,0.8799830760683354,0.8968229866492531,0.6936833617889031,0.8627709199674939,0.8276360961061748,0.07051891660352963,91
166,1.3103891849517821,0.05628454807684814,0.0032517194747924806,8.413541681473665e-05,mae,6,20,40,5,"{'criterion': 'mae', 'max_depth': 6, 'max_leaf_nodes': 20, 'min_samples_leaf': 40, 'min_samples_split': 5}",0.8588209374953779,0.6948743340748873,0.8821388750298256,0.8067985768303572,0.8504488585276674,0.850019034629648,0.8799830760683354,0.8968229866492531,0.6936833617889031,0.8627709199674939,0.8276360961061748,0.07051891660352963,91
167,1.3530563831329345,0.04539820366112407,0.00462653636932373,0.0012879049868855835,mae,6,20,40,10,"{'criterion': 'mae', 'max_depth': 6, 'max_leaf_nodes': 20, 'min_samples_leaf': 40, 'min_samples_split': 10}",0.8588209374953779,0.6948743340748873,0.8821388750298256,0.8067985768303572,0.8504488585276674,0.850019034629648,0.8799830760683354,0.8968229866492531,0.6936833617889031,0.8627709199674939,0.8276360961061748,0.07051891660352963,91
168,1.770679521560669,0.07729271432378242,0.004553008079528809,0.002128923283570759,mae,6,100,5,2,"{'criterion': 'mae', 'max_depth': 6, 'max_leaf_nodes': 100, 'min_samples_leaf': 5, 'min_samples_split': 2}",0.9669983207212665,0.8246962592043369,0.9852305491152642,0.9517819970664841,0.9829978202752606,0.9620815445185716,0.9566308318099304,0.9658283941369238,0.8781341482689667,0.9642033676119197,0.9438583232728923,0.04873694459842454,4
169,1.7325258255004883,0.06138435997238377,0.00394437313079834,0.0009997783612966053,mae,6,100,5,5,"{'criterion': 'mae', 'max_depth': 6, 'max_leaf_nodes': 100, 'min_samples_leaf': 5, 'min_samples_split': 5}",0.9669983207212665,0.8246962592043369,0.9852305491152642,0.9517819970664841,0.9829978202752606,0.9620815445185716,0.9566308318099304,0.9658283941369238,0.8781341482689667,0.9642033676119197,0.9438583232728923,0.04873694459842454,4
170,1.7315261602401733,0.053079699543491635,0.003725433349609375,0.0008086247508149279,mae,6,100,5,10,"{'criterion': 'mae', 'max_depth': 6, 'max_leaf_nodes': 100, 'min_samples_leaf': 5, 'min_samples_split': 10}",0.9669983207212665,0.8246962592043369,0.9852305491152642,0.9517819970664841,0.9829978202752606,0.9620815445185716,0.9566308318099304,0.9658283941369238,0.8781341482689667,0.9642033676119197,0.9438583232728923,0.04873694459842454,4
171,1.643855333328247,0.05375506993393576,0.004250335693359375,0.0013024608916749937,mae,6,100,10,2,"{'criterion': 'mae', 'max_depth': 6, 'max_leaf_nodes': 100, 'min_samples_leaf': 10, 'min_samples_split': 2}",0.9509640455098445,0.8126698015243812,0.9778165600077611,0.9401273411348444,0.9660014127757915,0.9768228866110829,0.9145581407518519,0.9637791667127661,0.8369239443013099,0.9473641008721082,0.9287027400201741,0.05514585749643377,22
172,1.6409660816192626,0.05980718812055625,0.004571390151977539,0.001882199901779997,mae,6,100,10,5,"{'criterion': 'mae', 'max_depth': 6, 'max_leaf_nodes': 100, 'min_samples_leaf': 10, 'min_samples_split': 5}",0.9509640455098445,0.8126698015243812,0.9778165600077611,0.9401273411348444,0.9660014127757915,0.9768228866110829,0.9145581407518519,0.9637791667127661,0.8369239443013099,0.9473641008721082,0.9287027400201741,0.05514585749643377,22
173,1.6227500200271607,0.05115155174761991,0.00437924861907959,0.0011268437131782578,mae,6,100,10,10,"{'criterion': 'mae', 'max_depth': 6, 'max_leaf_nodes': 100, 'min_samples_leaf': 10, 'min_samples_split': 10}",0.9509640455098445,0.8126698015243812,0.9778165600077611,0.9401273411348444,0.9660014127757915,0.9768228866110829,0.9145581407518519,0.9637791667127661,0.8369239443013099,0.9473641008721082,0.9287027400201741,0.05514585749643377,22
174,1.525977110862732,0.04923222850264699,0.0036202430725097655,0.0005605711828228761,mae,6,100,20,2,"{'criterion': 'mae', 'max_depth': 6, 'max_leaf_nodes': 100, 'min_samples_leaf': 20, 'min_samples_split': 2}",0.9063035536381319,0.7551861296223821,0.9509656972447649,0.8860906422256248,0.9362491991481,0.9241252080596503,0.923892360628058,0.9739023526397739,0.7154378932602505,0.9143996497773655,0.8886552686244101,0.08044481894722132,64
175,1.5216933727264403,0.04950956428535923,0.0038533687591552736,0.0006459268054942476,mae,6,100,20,5,"{'criterion': 'mae', 'max_depth': 6, 'max_leaf_nodes': 100, 'min_samples_leaf': 20, 'min_samples_split': 5}",0.9063035536381319,0.7551861296223821,0.9509656972447649,0.8860906422256248,0.9362491991481,0.9241252080596503,0.923892360628058,0.9739023526397739,0.7154378932602505,0.9143996497773655,0.8886552686244101,0.08044481894722132,64
176,1.577407431602478,0.10987591322637698,0.0037624597549438476,0.0008775185616783602,mae,6,100,20,10,"{'criterion': 'mae', 'max_depth': 6, 'max_leaf_nodes': 100, 'min_samples_leaf': 20, 'min_samples_split': 10}",0.9063035536381319,0.7551861296223821,0.9509656972447649,0.8860906422256248,0.9362491991481,0.9241252080596503,0.923892360628058,0.9739023526397739,0.7154378932602505,0.9143996497773655,0.8886552686244101,0.08044481894722132,64
177,1.4467212915420533,0.01722734139107076,0.004112076759338379,0.0010389226413554551,mae,6,100,40,2,"{'criterion': 'mae', 'max_depth': 6, 'max_leaf_nodes': 100, 'min_samples_leaf': 40, 'min_samples_split': 2}",0.8633009273230151,0.6989139746023569,0.8879172625292301,0.813756548573894,0.8646799191675552,0.844199569462277,0.8902542890312362,0.906518478942063,0.6956830313659225,0.8715952845594046,0.8336819285556955,0.07241297407413834,88
178,1.4947412967681886,0.0920703390423517,0.005337667465209961,0.0012389868219671515,mae,6,100,40,5,"{'criterion': 'mae', 'max_depth': 6, 'max_leaf_nodes': 100, 'min_samples_leaf': 40, 'min_samples_split': 5}",0.8633009273230151,0.6989139746023569,0.8879172625292301,0.813756548573894,0.8646799191675552,0.844199569462277,0.8902542890312362,0.906518478942063,0.6956830313659225,0.8715952845594046,0.8336819285556955,0.07241297407413834,88
179,1.4038891553878785,0.08631905191737538,0.003996849060058594,0.0006708861155662249,mae,6,100,40,10,"{'criterion': 'mae', 'max_depth': 6, 'max_leaf_nodes': 100, 'min_samples_leaf': 40, 'min_samples_split': 10}",0.8633009273230151,0.6989139746023569,0.8879172625292301,0.813756548573894,0.8646799191675552,0.844199569462277,0.8902542890312362,0.906518478942063,0.6956830313659225,0.8715952845594046,0.8336819285556955,0.07241297407413834,88
180,1.4928389310836792,0.07271220205904269,0.00443260669708252,0.0017449793978053984,mae,10,5,5,2,"{'criterion': 'mae', 'max_depth': 10, 'max_leaf_nodes': 5, 'min_samples_leaf': 5, 'min_samples_split': 2}",0.6344682390708358,0.47867037961607684,0.6086055970051583,0.5794085957013305,0.5592047387603803,0.5960670772090824,0.5976085563327538,0.6660645576919114,0.4302764931717188,0.5784545416291875,0.5728828776188435,0.06661370490314976,157
181,1.492641234397888,0.057397491888780294,0.004381561279296875,0.0007333254006407193,mae,10,5,5,5,"{'criterion': 'mae', 'max_depth': 10, 'max_leaf_nodes': 5, 'min_samples_leaf': 5, 'min_samples_split': 5}",0.6344682390708358,0.47867037961607684,0.6086055970051583,0.5794085957013305,0.5592047387603803,0.5960670772090824,0.5976085563327538,0.6660645576919114,0.4302764931717188,0.5784545416291875,0.5728828776188435,0.06661370490314976,157
182,1.4995407819747926,0.10584559920376438,0.004791426658630371,0.0016985610676435736,mae,10,5,5,10,"{'criterion': 'mae', 'max_depth': 10, 'max_leaf_nodes': 5, 'min_samples_leaf': 5, 'min_samples_split': 10}",0.6344682390708358,0.47867037961607684,0.6086055970051583,0.5794085957013305,0.5592047387603803,0.5960670772090824,0.5976085563327538,0.6660645576919114,0.4302764931717188,0.5784545416291875,0.5728828776188435,0.06661370490314976,157
183,1.575557279586792,0.053796995204961506,0.005082130432128906,0.0027948588947656152,mae,10,5,10,2,"{'criterion': 'mae', 'max_depth': 10, 'max_leaf_nodes': 5, 'min_samples_leaf': 10, 'min_samples_split': 2}",0.6344682390708358,0.47867037961607684,0.6086055970051583,0.5794085957013305,0.5592047387603803,0.5960670772090824,0.5976085563327538,0.6660645576919114,0.4302764931717188,0.5784545416291875,0.5728828776188435,0.06661370490314976,157
184,1.4952828884124756,0.0676450699222003,0.003406715393066406,0.00021245684931484754,mae,10,5,10,5,"{'criterion': 'mae', 'max_depth': 10, 'max_leaf_nodes': 5, 'min_samples_leaf': 10, 'min_samples_split': 5}",0.6344682390708358,0.47867037961607684,0.6086055970051583,0.5794085957013305,0.5592047387603803,0.5960670772090824,0.5976085563327538,0.6660645576919114,0.4302764931717188,0.5784545416291875,0.5728828776188435,0.06661370490314976,157
185,1.5477250814437866,0.18738411031830648,0.004088735580444336,0.0009495655192419306,mae,10,5,10,10,"{'criterion': 'mae', 'max_depth': 10, 'max_leaf_nodes': 5, 'min_samples_leaf': 10, 'min_samples_split': 10}",0.6344682390708358,0.47867037961607684,0.6086055970051583,0.5794085957013305,0.5592047387603803,0.5960670772090824,0.5976085563327538,0.6660645576919114,0.4302764931717188,0.5784545416291875,0.5728828776188435,0.06661370490314976,157
186,1.5253663778305053,0.06417617478039565,0.003816843032836914,0.0007531103867781948,mae,10,5,20,2,"{'criterion': 'mae', 'max_depth': 10, 'max_leaf_nodes': 5, 'min_samples_leaf': 20, 'min_samples_split': 2}",0.6344682390708358,0.47867037961607684,0.6086055970051583,0.5794085957013305,0.5592047387603803,0.5960670772090824,0.5976085563327538,0.6660645576919114,0.4302764931717188,0.5784545416291875,0.5728828776188435,0.06661370490314976,157
187,1.5036113500595092,0.050232745365680564,0.004575014114379883,0.0017464261266270358,mae,10,5,20,5,"{'criterion': 'mae', 'max_depth': 10, 'max_leaf_nodes': 5, 'min_samples_leaf': 20, 'min_samples_split': 5}",0.6344682390708358,0.47867037961607684,0.6086055970051583,0.5794085957013305,0.5592047387603803,0.5960670772090824,0.5976085563327538,0.6660645576919114,0.4302764931717188,0.5784545416291875,0.5728828776188435,0.06661370490314976,157
188,1.4672377824783325,0.041903879947769805,0.004095268249511719,0.0010057544065753187,mae,10,5,20,10,"{'criterion': 'mae', 'max_depth': 10, 'max_leaf_nodes': 5, 'min_samples_leaf': 20, 'min_samples_split': 10}",0.6344682390708358,0.47867037961607684,0.6086055970051583,0.5794085957013305,0.5592047387603803,0.5960670772090824,0.5976085563327538,0.6660645576919114,0.4302764931717188,0.5784545416291875,0.5728828776188435,0.06661370490314976,157
189,1.3832277536392212,0.05666398393946075,0.004894065856933594,0.0020739300696636007,mae,10,5,40,2,"{'criterion': 'mae', 'max_depth': 10, 'max_leaf_nodes': 5, 'min_samples_leaf': 40, 'min_samples_split': 2}",0.6344682390708358,0.47867037961607684,0.6086055970051583,0.5794085957013305,0.5592047387603803,0.5960670772090824,0.5976085563327538,0.6660645576919114,0.4302764931717188,0.5784545416291875,0.5728828776188435,0.06661370490314976,157
190,1.387104606628418,0.05126302223669641,0.004550933837890625,0.0014134983420403566,mae,10,5,40,5,"{'criterion': 'mae', 'max_depth': 10, 'max_leaf_nodes': 5, 'min_samples_leaf': 40, 'min_samples_split': 5}",0.6344682390708358,0.47867037961607684,0.6086055970051583,0.5794085957013305,0.5592047387603803,0.5960670772090824,0.5976085563327538,0.6660645576919114,0.4302764931717188,0.5784545416291875,0.5728828776188435,0.06661370490314976,157
191,1.3924517154693603,0.04062392603752992,0.0048694610595703125,0.0023592517305403996,mae,10,5,40,10,"{'criterion': 'mae', 'max_depth': 10, 'max_leaf_nodes': 5, 'min_samples_leaf': 40, 'min_samples_split': 10}",0.6344682390708358,0.47867037961607684,0.6086055970051583,0.5794085957013305,0.5592047387603803,0.5960670772090824,0.5976085563327538,0.6660645576919114,0.4302764931717188,0.5784545416291875,0.5728828776188435,0.06661370490314976,157
192,1.7586453199386596,0.10039304065155956,0.003587079048156738,0.000326778144009868,mae,10,20,5,2,"{'criterion': 'mae', 'max_depth': 10, 'max_leaf_nodes': 20, 'min_samples_leaf': 5, 'min_samples_split': 2}",0.9436836757197311,0.7538811064038801,0.9546981327326205,0.9284157508003115,0.9424485690884208,0.9353091636753533,0.908226710692645,0.9066889925119024,0.7745251863610901,0.9254125732289284,0.8973289861214884,0.06821858928423873,43
193,1.7874423027038575,0.0775753808510536,0.0037584543228149415,0.0007127504457192361,mae,10,20,5,5,"{'criterion': 'mae', 'max_depth': 10, 'max_leaf_nodes': 20, 'min_samples_leaf': 5, 'min_samples_split': 5}",0.9436836757197311,0.7538811064038801,0.9546981327326205,0.9284157508003115,0.9424485690884208,0.9353091636753533,0.908226710692645,0.9066889925119024,0.7745251863610901,0.9254125732289284,0.8973289861214884,0.06821858928423873,43
194,1.7274019479751588,0.0427254984378712,0.004251742362976074,0.0016445530195401742,mae,10,20,5,10,"{'criterion': 'mae', 'max_depth': 10, 'max_leaf_nodes': 20, 'min_samples_leaf': 5, 'min_samples_split': 10}",0.9436836757197311,0.7538811064038801,0.9546981327326205,0.9284157508003115,0.9424485690884208,0.9353091636753533,0.908226710692645,0.9066889925119024,0.7745251863610901,0.9254125732289284,0.8973289861214884,0.06821858928423873,43
195,1.631070876121521,0.041624376000551334,0.0042019844055175785,0.0013721423022110162,mae,10,20,10,2,"{'criterion': 'mae', 'max_depth': 10, 'max_leaf_nodes': 20, 'min_samples_leaf': 10, 'min_samples_split': 2}",0.9134412057075609,0.7538811064038801,0.9531246175492006,0.9121508040454754,0.9346483987368053,0.9306585684571165,0.9115546584779685,0.9066889925119024,0.7499617367837593,0.9254786225415509,0.889158871121522,0.06986080166697325,55
196,1.5638121128082276,0.04016781844359378,0.003397631645202637,0.0002482354216613713,mae,10,20,10,5,"{'criterion': 'mae', 'max_depth': 10, 'max_leaf_nodes': 20, 'min_samples_leaf': 10, 'min_samples_split': 5}",0.9134412057075609,0.7538811064038801,0.9531246175492006,0.9121508040454754,0.9346483987368053,0.9306585684571165,0.9115546584779685,0.9066889925119024,0.7499617367837593,0.9254786225415509,0.889158871121522,0.06986080166697325,55
197,1.5595709562301636,0.045235942120662315,0.0034345388412475586,0.00031320877775991874,mae,10,20,10,10,"{'criterion': 'mae', 'max_depth': 10, 'max_leaf_nodes': 20, 'min_samples_leaf': 10, 'min_samples_split': 10}",0.9134412057075609,0.7538811064038801,0.9531246175492006,0.9121508040454754,0.9346483987368053,0.9306585684571165,0.9115546584779685,0.9066889925119024,0.7499617367837593,0.9254786225415509,0.889158871121522,0.06986080166697325,55
198,1.4880063772201537,0.04184515817326798,0.0036240577697753905,0.0002675073287013352,mae,10,20,20,2,"{'criterion': 'mae', 'max_depth': 10, 'max_leaf_nodes': 20, 'min_samples_leaf': 20, 'min_samples_split': 2}",0.891216314809905,0.7260366498263509,0.933332229907808,0.8440049519980731,0.8901744853212489,0.8752512917948442,0.9037686732723555,0.9323143258645147,0.711125123815449,0.898538442140996,0.8605762488751546,0.07515841576891351,67
199,1.5208707809448243,0.047481285219211584,0.003572392463684082,0.00043094372913675026,mae,10,20,20,5,"{'criterion': 'mae', 'max_depth': 10, 'max_leaf_nodes': 20, 'min_samples_leaf': 20, 'min_samples_split': 5}",0.891216314809905,0.7260366498263509,0.933332229907808,0.8440049519980731,0.8901744853212489,0.8752512917948442,0.9037686732723555,0.9323143258645147,0.711125123815449,0.898538442140996,0.8605762488751546,0.07515841576891351,67
200,1.54024076461792,0.05866538123504055,0.004159331321716309,0.0010938187582263848,mae,10,20,20,10,"{'criterion': 'mae', 'max_depth': 10, 'max_leaf_nodes': 20, 'min_samples_leaf': 20, 'min_samples_split': 10}",0.891216314809905,0.7260366498263509,0.933332229907808,0.8440049519980731,0.8901744853212489,0.8752512917948442,0.9037686732723555,0.9323143258645147,0.711125123815449,0.898538442140996,0.8605762488751546,0.07515841576891351,67
201,1.4009385108947754,0.02904286255879316,0.0034169435501098635,0.00019554387955227588,mae,10,20,40,2,"{'criterion': 'mae', 'max_depth': 10, 'max_leaf_nodes': 20, 'min_samples_leaf': 40, 'min_samples_split': 2}",0.8588209374953779,0.6948743340748873,0.8821388750298256,0.8067985768303572,0.8504488585276674,0.850019034629648,0.8799830760683354,0.8968229866492531,0.6936833617889031,0.8627709199674939,0.8276360961061748,0.07051891660352963,91
202,1.3967525720596314,0.037958651446070225,0.004058480262756348,0.0010408080930498222,mae,10,20,40,5,"{'criterion': 'mae', 'max_depth': 10, 'max_leaf_nodes': 20, 'min_samples_leaf': 40, 'min_samples_split': 5}",0.8588209374953779,0.6948743340748873,0.8821388750298256,0.8067985768303572,0.8504488585276674,0.850019034629648,0.8799830760683354,0.8968229866492531,0.6936833617889031,0.8627709199674939,0.8276360961061748,0.07051891660352963,91
203,1.369029426574707,0.03427873085699321,0.0036737680435180663,0.0005351201460293894,mae,10,20,40,10,"{'criterion': 'mae', 'max_depth': 10, 'max_leaf_nodes': 20, 'min_samples_leaf': 40, 'min_samples_split': 10}",0.8588209374953779,0.6948743340748873,0.8821388750298256,0.8067985768303572,0.8504488585276674,0.850019034629648,0.8799830760683354,0.8968229866492531,0.6936833617889031,0.8627709199674939,0.8276360961061748,0.07051891660352963,91
204,1.9085220336914062,0.1532634907350417,0.004655313491821289,0.0019430434057115822,mae,10,100,5,2,"{'criterion': 'mae', 'max_depth': 10, 'max_leaf_nodes': 100, 'min_samples_leaf': 5, 'min_samples_split': 2}",0.973833980769201,0.8333856769233781,0.9976160658379704,0.9565835140196566,0.9874472138574569,0.9688364481860039,0.9628320799749132,0.9824223922933395,0.8932910962376306,0.9745272390525008,0.953077570715205,0.04813869709444944,1
205,1.8362906455993653,0.09628859479068608,0.003394007682800293,0.00021425661077986973,mae,10,100,5,5,"{'criterion': 'mae', 'max_depth': 10, 'max_leaf_nodes': 100, 'min_samples_leaf': 5, 'min_samples_split': 5}",0.973833980769201,0.8333856769233781,0.9976160658379704,0.9565835140196566,0.9874472138574569,0.9688364481860039,0.9628320799749132,0.9824223922933395,0.8932910962376306,0.9745272390525008,0.953077570715205,0.04813869709444944,1
206,1.927970576286316,0.11289736576402766,0.0043701171875,0.0012211266505629975,mae,10,100,5,10,"{'criterion': 'mae', 'max_depth': 10, 'max_leaf_nodes': 100, 'min_samples_leaf': 5, 'min_samples_split': 10}",0.973833980769201,0.8333856769233781,0.9976160658379704,0.9565835140196566,0.9874472138574569,0.9688364481860039,0.9628320799749132,0.9824223922933395,0.8932910962376306,0.9745272390525008,0.953077570715205,0.04813869709444944,1
207,1.7918280839920044,0.03765215797874767,0.004237914085388183,0.001918543774489496,mae,10,100,10,2,"{'criterion': 'mae', 'max_depth': 10, 'max_leaf_nodes': 100, 'min_samples_leaf': 10, 'min_samples_split': 2}",0.9489634587446447,0.8168544446316843,0.984917216989019,0.9439358486378105,0.968778574658973,0.9800255419130158,0.917942276467205,0.9714837813005006,0.8400867289944258,0.9499319746489915,0.9322919846986271,0.055383581996865626,16
208,1.7644468545913696,0.07299735452583338,0.0034742832183837892,0.00029238285896135907,mae,10,100,10,5,"{'criterion': 'mae', 'max_depth': 10, 'max_leaf_nodes': 100, 'min_samples_leaf': 10, 'min_samples_split': 5}",0.9489634587446447,0.8168544446316843,0.984917216989019,0.9439358486378105,0.968778574658973,0.9800255419130158,0.917942276467205,0.9714837813005006,0.8400867289944258,0.9499319746489915,0.9322919846986271,0.055383581996865626,16
209,1.7055646657943726,0.04840208285531069,0.0039185285568237305,0.00089767708825695,mae,10,100,10,10,"{'criterion': 'mae', 'max_depth': 10, 'max_leaf_nodes': 100, 'min_samples_leaf': 10, 'min_samples_split': 10}",0.9489634587446447,0.8168544446316843,0.984917216989019,0.9439358486378105,0.968778574658973,0.9800255419130158,0.917942276467205,0.9714837813005006,0.8400867289944258,0.9499319746489915,0.9322919846986271,0.055383581996865626,16
210,1.6979665994644164,0.10401485110073579,0.0038758039474487303,0.0007668842024046278,mae,10,100,20,2,"{'criterion': 'mae', 'max_depth': 10, 'max_leaf_nodes': 100, 'min_samples_leaf': 20, 'min_samples_split': 2}",0.9066172456429151,0.755788343787514,0.9511083246577212,0.8863905212354453,0.9365673930661262,0.9240928681825884,0.9240977235554206,0.9741346482651121,0.7156014675512197,0.9147780825668822,0.8889176618510944,0.08038991459195673,61
211,1.663371729850769,0.05630609114094475,0.004045367240905762,0.0011861706696389754,mae,10,100,20,5,"{'criterion': 'mae', 'max_depth': 10, 'max_leaf_nodes': 100, 'min_samples_leaf': 20, 'min_samples_split': 5}",0.9066172456429151,0.755788343787514,0.9511083246577212,0.8863905212354453,0.9365673930661262,0.9240928681825884,0.9240977235554206,0.9741346482651121,0.7156014675512197,0.9147780825668822,0.8889176618510944,0.08038991459195673,61
212,1.6313642263412476,0.06317680913729729,0.0037187576293945313,0.0007064924254781525,mae,10,100,20,10,"{'criterion': 'mae', 'max_depth': 10, 'max_leaf_nodes': 100, 'min_samples_leaf': 20, 'min_samples_split': 10}",0.9066172456429151,0.755788343787514,0.9511083246577212,0.8863905212354453,0.9365673930661262,0.9240928681825884,0.9240977235554206,0.9741346482651121,0.7156014675512197,0.9147780825668822,0.8889176618510944,0.08038991459195673,61
213,1.5348964929580688,0.04550264566927825,0.004218888282775879,0.0010624627698052709,mae,10,100,40,2,"{'criterion': 'mae', 'max_depth': 10, 'max_leaf_nodes': 100, 'min_samples_leaf': 40, 'min_samples_split': 2}",0.8633597583710622,0.6989590077543972,0.88802957173056,0.813834420144303,0.8647513504552754,0.8442390623962592,0.8903175004525198,0.9065841836677524,0.6957290203039586,0.8717042273321441,0.8337508102608233,0.0724253894636788,85
214,1.5199084997177124,0.06347112700497866,0.0038156986236572267,0.0010423106742062573,mae,10,100,40,5,"{'criterion': 'mae', 'max_depth': 10, 'max_leaf_nodes': 100, 'min_samples_leaf': 40, 'min_samples_split': 5}",0.8633597583710622,0.6989590077543972,0.88802957173056,0.813834420144303,0.8647513504552754,0.8442390623962592,0.8903175004525198,0.9065841836677524,0.6957290203039586,0.8717042273321441,0.8337508102608233,0.0724253894636788,85
215,1.494735884666443,0.08026922267911298,0.004082822799682617,0.0011733472867897475,mae,10,100,40,10,"{'criterion': 'mae', 'max_depth': 10, 'max_leaf_nodes': 100, 'min_samples_leaf': 40, 'min_samples_split': 10}",0.8633597583710622,0.6989590077543972,0.88802957173056,0.813834420144303,0.8647513504552754,0.8442390623962592,0.8903175004525198,0.9065841836677524,0.6957290203039586,0.8717042273321441,0.8337508102608233,0.0724253894636788,85
